date,precipitation_probability,precipitation,temperature,humidity,cloud_cover
2025-09-12 00:00:00,77,0.7,19.7,96.0,100.0
2025-09-12 01:00:00,81,1.0,19.5,96.0,99.0
2025-09-12 02:00:00,66,0.1,19.3,96.0,100.0
2025-09-12 03:00:00,42,0.9,19.1,97.0,100.0
2025-09-12 04:00:00,23,0.1,19.4,96.0,100.0
2025-09-12 05:00:00,13,0.0,19.4,96.0,100.0
2025-09-12 06:00:00,9,0.0,19.7,96.0,100.0
2025-09-12 07:00:00,13,0.0,20.7,93.0,100.0
2025-09-12 08:00:00,33,0.0,23.1,83.0,15.0
2025-09-12 09:00:00,61,0.5,24.9,76.0,93.0
2025-09-12 10:00:00,84,1.1,25.9,73.0,78.0
2025-09-12 11:00:00,94,1.1,26.1,74.0,17.0
2025-09-12 12:00:00,98,1.4,26.1,74.0,82.0
2025-09-12 13:00:00,100,1.9,25.9,76.0,100.0
2025-09-12 14:00:00,100,2.0,25.1,79.0,99.0
2025-09-12 15:00:00,100,1.8,24.0,83.0,100.0
2025-09-12 16:00:00,100,1.2,22.4,91.0,100.0
2025-09-12 17:00:00,100,1.6,21.5,93.0,100.0
2025-09-12 18:00:00,100,2.8,20.9,92.0,100.0
2025-09-12 19:00:00,100,1.5,20.2,94.0,100.0
2025-09-12 20:00:00,74,0.0,19.8,96.0,100.0
2025-09-12 21:00:00,37,0.0,19.7,96.0,100.0
2025-09-12 22:00:00,10,0.0,19.5,96.0,27.0
2025-09-12 23:00:00,0,0.0,19.4,96.0,100.0
2025-09-13 00:00:00,0,0.0,19.2,96.0,100.0
2025-09-13 01:00:00,0,0.0,18.9,96.0,100.0
2025-09-13 02:00:00,0,0.0,18.8,95.0,100.0
2025-09-13 03:00:00,0,0.0,18.7,95.0,100.0
2025-09-13 04:00:00,0,0.0,18.6,95.0,100.0
2025-09-13 05:00:00,0,0.0,18.5,95.0,100.0
2025-09-13 06:00:00,0,0.0,18.5,95.0,100.0
2025-09-13 07:00:00,0,0.0,19.9,93.0,100.0
2025-09-13 08:00:00,0,0.0,21.9,84.0,100.0
2025-09-13 09:00:00,0,0.0,24.1,73.0,100.0
2025-09-13 10:00:00,0,0.0,26.3,60.0,100.0
2025-09-13 11:00:00,0,0.0,27.8,53.0,100.0
2025-09-13 12:00:00,0,0.0,28.9,48.0,100.0
2025-09-13 13:00:00,0,0.0,29.1,46.0,100.0
2025-09-13 14:00:00,28,0.0,28.8,48.0,100.0
2025-09-13 15:00:00,66,0.0,28.1,51.0,100.0
2025-09-13 16:00:00,94,0.2,25.5,67.0,100.0
2025-09-13 17:00:00,100,0.2,23.3,80.0,100.0
2025-09-13 18:00:00,100,0.1,21.9,86.0,100.0
2025-09-13 19:00:00,90,0.1,20.9,90.0,100.0
2025-09-13 20:00:00,66,0.0,20.3,94.0,100.0
2025-09-13 21:00:00,34,0.0,20.0,94.0,100.0
2025-09-13 22:00:00,10,0.0,19.6,96.0,80.0
2025-09-13 23:00:00,1,0.0,19.3,96.0,95.0
2025-09-14 00:00:00,0,0.0,19.1,96.0,92.0
2025-09-14 01:00:00,0,0.0,18.8,96.0,100.0
2025-09-14 02:00:00,0,0.0,18.6,96.0,100.0
2025-09-14 03:00:00,0,0.0,18.4,95.0,38.0
2025-09-14 04:00:00,0,0.0,18.1,95.0,99.0
2025-09-14 05:00:00,0,0.0,17.8,95.0,100.0
2025-09-14 06:00:00,0,0.0,17.7,94.0,100.0
2025-09-14 07:00:00,0,0.0,19.3,89.0,100.0
2025-09-14 08:00:00,0,0.0,21.5,79.0,100.0
2025-09-14 09:00:00,0,0.0,24.2,67.0,100.0
2025-09-14 10:00:00,0,0.0,26.1,59.0,100.0
2025-09-14 11:00:00,0,0.0,26.9,55.0,100.0
2025-09-14 12:00:00,0,0.0,26.6,53.0,100.0
2025-09-14 13:00:00,0,0.0,26.6,51.0,100.0
2025-09-14 14:00:00,0,0.0,26.6,51.0,100.0
2025-09-14 15:00:00,0,0.0,25.9,60.0,100.0
2025-09-14 16:00:00,0,0.0,25.5,61.0,100.0
2025-09-14 17:00:00,15,0.0,28.3,44.0,97.0
2025-09-14 18:00:00,28,0.0,26.9,52.0,100.0
2025-09-14 19:00:00,50,0.0,25.7,61.0,100.0
2025-09-14 20:00:00,33,0.0,24.1,71.0,100.0
2025-09-14 21:00:00,35,0.0,23.0,76.0,100.0
2025-09-14 22:00:00,40,0.0,22.3,77.0,100.0
2025-09-14 23:00:00,40,0.0,21.7,78.0,100.0
2025-09-15 00:00:00,33,0.0,21.1,79.0,63.0
2025-09-15 01:00:00,18,0.0,20.6,79.0,84.0
2025-09-15 02:00:00,8,0.0,20.3,79.0,83.0
2025-09-15 03:00:00,8,0.0,20.0,78.0,82.0
2025-09-15 04:00:00,5,0.0,19.8,77.0,81.0
2025-09-15 05:00:00,3,0.0,19.6,78.0,82.0
2025-09-15 06:00:00,3,0.0,19.5,80.0,82.0
2025-09-15 07:00:00,0,0.0,20.5,77.0,80.0
2025-09-15 08:00:00,0,0.0,23.0,67.0,83.0
2025-09-15 09:00:00,0,0.0,25.3,59.0,82.0
2025-09-15 10:00:00,0,0.0,27.3,51.0,56.0
2025-09-15 11:00:00,0,0.0,28.9,45.0,53.0
2025-09-15 12:00:00,0,0.0,29.8,41.0,71.0
2025-09-15 13:00:00,0,0.0,30.5,38.0,62.0
2025-09-15 14:00:00,0,0.0,30.7,37.0,82.0
2025-09-15 15:00:00,0,0.0,30.4,38.0,95.0
2025-09-15 16:00:00,0,0.0,30.0,39.0,88.0
2025-09-15 17:00:00,0,0.0,28.8,45.0,85.0
2025-09-15 18:00:00,5,0.0,26.5,59.0,74.0
2025-09-15 19:00:00,30,0.1,24.3,68.0,80.0
2025-09-15 20:00:00,43,0.0,23.3,71.0,90.0
2025-09-15 21:00:00,43,0.0,22.4,75.0,94.0
2025-09-15 22:00:00,23,0.0,21.6,78.0,51.0
2025-09-15 23:00:00,20,0.0,21.1,81.0,100.0
2025-09-16 00:00:00,10,0.0,20.7,82.0,100.0
2025-09-16 01:00:00,5,0.0,20.2,84.0,100.0
2025-09-16 02:00:00,3,0.0,19.9,86.0,100.0
2025-09-16 03:00:00,0,0.0,19.6,87.0,100.0
2025-09-16 04:00:00,0,0.0,19.2,88.0,97.0
2025-09-16 05:00:00,0,0.0,18.9,87.0,97.0
2025-09-16 06:00:00,0,0.0,18.6,88.0,100.0
2025-09-16 07:00:00,0,0.0,20.1,82.0,76.0
2025-09-16 08:00:00,0,0.0,23.2,70.0,37.0
2025-09-16 09:00:00,0,0.0,25.7,62.0,100.0
2025-09-16 10:00:00,0,0.0,27.1,55.0,100.0
2025-09-16 11:00:00,3,0.0,28.5,50.0,100.0
2025-09-16 12:00:00,13,0.0,29.4,45.0,100.0
2025-09-16 13:00:00,13,0.0,30.2,41.0,100.0
2025-09-16 14:00:00,13,0.0,30.3,40.0,100.0
2025-09-16 15:00:00,35,0.0,28.8,49.0,100.0
2025-09-16 16:00:00,70,0.7,26.0,68.0,100.0
2025-09-16 17:00:00,78,1.6,25.4,73.0,99.0
2025-09-16 18:00:00,98,0.8,24.8,75.0,100.0
2025-09-16 19:00:00,100,0.6,24.2,79.0,98.0
2025-09-16 20:00:00,85,0.4,23.5,82.0,100.0
2025-09-16 21:00:00,80,0.0,23.1,84.0,100.0
2025-09-16 22:00:00,68,0.0,22.5,85.0,79.0
2025-09-16 23:00:00,53,0.0,21.8,86.0,81.0
2025-09-17 00:00:00,43,0.0,21.1,87.0,96.0
2025-09-17 01:00:00,38,0.0,21.1,88.0,50.0
2025-09-17 02:00:00,25,0.0,20.6,89.0,67.0
2025-09-17 03:00:00,15,0.0,20.2,91.0,100.0
2025-09-17 04:00:00,8,0.0,19.9,92.0,29.0
2025-09-17 05:00:00,3,0.0,19.6,94.0,49.0
2025-09-17 06:00:00,0,0.0,19.5,94.0,100.0
2025-09-17 07:00:00,3,0.0,20.7,88.0,63.0
2025-09-17 08:00:00,8,0.0,23.3,77.0,70.0
2025-09-17 09:00:00,3,0.0,25.3,67.0,69.0
2025-09-17 10:00:00,10,0.0,27.3,58.0,58.0
2025-09-17 11:00:00,15,0.0,28.6,51.0,100.0
2025-09-17 12:00:00,43,0.0,29.3,47.0,100.0
2025-09-17 13:00:00,58,0.0,28.8,50.0,100.0
2025-09-17 14:00:00,75,0.5,27.4,61.0,100.0
2025-09-17 15:00:00,90,1.3,26.3,68.0,100.0
2025-09-17 16:00:00,95,1.1,25.8,72.0,100.0
2025-09-17 17:00:00,100,0.6,25.5,74.0,100.0
2025-09-17 18:00:00,98,1.7,24.6,78.0,100.0
2025-09-17 19:00:00,98,0.9,23.7,81.0,100.0
2025-09-17 20:00:00,93,0.7,23.3,84.0,100.0
2025-09-17 21:00:00,83,0.2,22.8,87.0,82.0
2025-09-17 22:00:00,75,0.2,22.3,89.0,85.0
2025-09-17 23:00:00,75,0.0,22.0,91.0,99.0
2025-09-18 00:00:00,68,0.0,21.8,92.0,96.0
2025-09-18 01:00:00,45,0.0,21.4,92.0,81.0
2025-09-18 02:00:00,35,0.0,21.1,92.0,80.0
2025-09-18 03:00:00,23,0.0,20.9,92.0,73.0
2025-09-18 04:00:00,18,0.0,20.5,92.0,84.0
2025-09-18 05:00:00,15,0.0,20.1,93.0,64.0
2025-09-18 06:00:00,10,0.0,19.7,93.0,95.0
2025-09-18 07:00:00,3,0.0,21.0,87.0,100.0
2025-09-18 08:00:00,0,0.0,22.8,77.0,99.0
2025-09-18 09:00:00,0,0.0,24.8,68.0,43.0
2025-09-18 10:00:00,5,0.0,26.5,62.0,75.0
2025-09-18 11:00:00,13,0.0,27.7,55.0,100.0
2025-09-18 12:00:00,20,0.0,28.2,52.0,100.0
2025-09-18 13:00:00,20,0.0,28.2,54.0,100.0
2025-09-18 14:00:00,25,0.0,28.5,51.0,100.0
2025-09-18 15:00:00,23,0.0,27.7,56.0,100.0
2025-09-18 16:00:00,40,0.1,27.1,60.0,97.0
2025-09-18 17:00:00,48,0.0,26.6,62.0,100.0
2025-09-18 18:00:00,55,0.0,25.8,66.0,100.0
2025-09-18 19:00:00,55,0.0,24.0,74.0,52.0
2025-09-18 20:00:00,5,0.0,23.2,79.0,67.0
2025-09-18 21:00:00,13,0.0,22.5,82.0,84.0
2025-09-18 22:00:00,13,0.0,22.0,84.0,46.0
2025-09-18 23:00:00,10,0.0,21.5,86.0,0.0
2025-09-19 00:00:00,10,0.0,21.0,87.0,22.0
2025-09-19 01:00:00,3,0.0,20.7,88.0,22.0
2025-09-19 02:00:00,3,0.0,20.2,90.0,35.0
2025-09-19 03:00:00,3,0.0,20.0,90.0,79.0
2025-09-19 04:00:00,0,0.0,19.7,92.0,64.0
2025-09-19 05:00:00,0,0.0,19.4,93.0,33.0
2025-09-19 06:00:00,0,0.0,19.3,94.0,26.0
2025-09-19 07:00:00,0,0.0,20.5,88.0,32.0
2025-09-19 08:00:00,0,0.0,23.3,75.0,98.0
2025-09-19 09:00:00,0,0.0,25.4,66.0,100.0
2025-09-19 10:00:00,0,0.0,26.9,59.0,100.0
2025-09-19 11:00:00,0,0.0,27.9,54.0,100.0
2025-09-19 12:00:00,13,0.0,28.4,51.0,68.0
2025-09-19 13:00:00,40,0.0,29.0,48.0,95.0
2025-09-19 14:00:00,63,0.0,27.9,57.0,89.0
2025-09-19 15:00:00,75,0.1,27.3,62.0,71.0
2025-09-19 16:00:00,78,0.0,26.9,64.0,78.0
2025-09-19 17:00:00,78,0.6,25.8,71.0,100.0
2025-09-19 18:00:00,60,1.7,25.2,75.0,83.0
2025-09-19 19:00:00,43,0.3,24.5,75.0,77.0
2025-09-19 20:00:00,68,0.0,24.0,79.0,76.0
2025-09-19 21:00:00,40,0.0,23.3,83.0,46.0
2025-09-19 22:00:00,30,0.0,22.5,86.0,36.0
2025-09-19 23:00:00,25,0.0,22.0,88.0,48.0
2025-09-20 00:00:00,13,0.0,21.6,89.0,42.0
2025-09-20 01:00:00,3,0.0,21.7,89.0,8.0
2025-09-20 02:00:00,0,0.0,21.3,90.0,50.0
2025-09-20 03:00:00,0,0.0,21.0,91.0,75.0
2025-09-20 04:00:00,0,0.0,20.7,92.0,89.0
2025-09-20 05:00:00,3,0.0,20.5,92.0,100.0
2025-09-20 06:00:00,3,0.0,20.4,92.0,100.0
2025-09-20 07:00:00,0,0.0,21.5,86.0,80.0
2025-09-20 08:00:00,0,0.0,23.6,77.0,64.0
2025-09-20 09:00:00,0,0.0,25.7,68.0,44.0
2025-09-20 10:00:00,3,0.0,27.5,57.0,71.0
2025-09-20 11:00:00,18,0.0,28.2,53.0,74.0
2025-09-20 12:00:00,18,0.0,28.7,51.0,82.0
2025-09-20 13:00:00,28,0.0,27.7,57.0,77.0
2025-09-20 14:00:00,43,0.0,27.7,57.0,72.0
2025-09-20 15:00:00,45,0.0,27.1,60.0,91.0
2025-09-20 16:00:00,30,0.0,26.6,62.0,64.0
2025-09-20 17:00:00,23,0.0,25.8,66.0,62.0
2025-09-20 18:00:00,13,0.0,24.8,71.0,48.0
2025-09-20 19:00:00,3,0.0,24.0,74.0,48.0
2025-09-20 20:00:00,0,0.0,23.2,79.0,6.0
2025-09-20 21:00:00,0,0.0,22.4,83.0,0.0
2025-09-20 22:00:00,0,0.0,21.9,86.0,3.0
2025-09-20 23:00:00,0,0.0,21.4,88.0,10.0
2025-09-21 00:00:00,0,0.0,20.8,91.0,29.0
2025-09-21 01:00:00,0,0.0,20.0,92.0,68.0
2025-09-21 02:00:00,0,0.0,19.6,93.0,63.0
2025-09-21 03:00:00,0,0.0,19.5,93.0,70.0
2025-09-21 04:00:00,0,0.0,19.4,93.0,77.0
2025-09-21 05:00:00,0,0.0,19.2,93.0,76.0
2025-09-21 06:00:00,0,0.0,19.2,92.0,25.0
2025-09-21 07:00:00,0,0.0,20.2,87.0,3.0
2025-09-21 08:00:00,0,0.0,22.9,75.0,0.0
2025-09-21 09:00:00,0,0.0,25.3,67.0,12.0
2025-09-21 10:00:00,0,0.0,27.1,60.0,81.0
2025-09-21 11:00:00,0,0.0,28.4,54.0,59.0
2025-09-21 12:00:00,10,0.0,29.4,51.0,50.0
2025-09-21 13:00:00,30,0.0,29.2,53.0,74.0
2025-09-21 14:00:00,55,0.0,29.0,54.0,69.0
2025-09-21 15:00:00,63,0.0,28.6,56.0,79.0
2025-09-21 16:00:00,75,0.2,27.6,61.0,61.0
2025-09-21 17:00:00,85,0.2,26.8,65.0,40.0
2025-09-21 18:00:00,85,0.1,25.7,70.0,83.0
2025-09-21 19:00:00,75,0.5,24.2,76.0,70.0
2025-09-21 20:00:00,55,0.1,23.5,81.0,61.0
2025-09-21 21:00:00,33,0.0,23.3,83.0,98.0
2025-09-21 22:00:00,18,0.0,22.9,86.0,95.0
2025-09-21 23:00:00,3,0.0,22.3,90.0,85.0
2025-09-22 00:00:00,0,0.0,21.8,92.0,91.0
2025-09-22 01:00:00,0,0.0,21.4,92.0,100.0
2025-09-22 02:00:00,0,0.0,20.9,93.0,63.0
2025-09-22 03:00:00,0,0.0,20.4,93.0,100.0
2025-09-22 04:00:00,0,0.0,19.9,94.0,100.0
2025-09-22 05:00:00,0,0.0,19.5,94.0,27.0
2025-09-22 06:00:00,0,0.0,19.1,94.0,28.0
2025-09-22 07:00:00,0,0.0,20.7,83.0,0.0
2025-09-22 08:00:00,0,0.0,23.8,70.0,0.0
2025-09-22 09:00:00,0,0.0,26.6,60.0,0.0
2025-09-22 10:00:00,0,0.0,28.7,54.0,31.0
2025-09-22 11:00:00,0,0.0,30.0,50.0,34.0
2025-09-22 12:00:00,0,0.0,30.9,46.0,30.0
2025-09-22 13:00:00,0,0.0,31.3,44.0,49.0
2025-09-22 14:00:00,13,0.0,31.5,43.0,51.0
2025-09-22 15:00:00,53,0.0,31.2,42.0,73.0
2025-09-22 16:00:00,73,0.0,30.7,43.0,40.0
2025-09-22 17:00:00,80,0.0,29.6,48.0,77.0
2025-09-22 18:00:00,88,0.0,28.0,56.0,100.0
2025-09-22 19:00:00,83,0.0,27.3,62.0,91.0
2025-09-22 20:00:00,53,0.0,25.6,70.0,100.0
2025-09-22 21:00:00,33,0.0,24.0,78.0,100.0
2025-09-22 22:00:00,18,0.0,22.8,82.0,96.0
2025-09-22 23:00:00,18,0.0,21.8,83.0,95.0
2025-09-23 00:00:00,5,0.0,20.9,85.0,100.0
2025-09-23 01:00:00,3,0.0,19.5,87.0,100.0
2025-09-23 02:00:00,3,0.0,18.8,89.0,100.0
2025-09-23 03:00:00,3,0.0,18.7,86.0,100.0
2025-09-23 04:00:00,0,0.0,19.0,81.0,100.0
2025-09-23 05:00:00,0,0.0,18.9,79.0,67.0
2025-09-23 06:00:00,0,0.0,18.8,78.0,100.0
2025-09-23 07:00:00,0,0.0,20.1,78.0,100.0
2025-09-23 08:00:00,0,0.0,23.4,66.0,100.0
2025-09-23 09:00:00,0,0.0,25.7,62.0,100.0
2025-09-23 10:00:00,0,0.0,27.8,56.0,100.0
2025-09-23 11:00:00,0,0.0,29.6,49.0,44.0
2025-09-23 12:00:00,0,0.0,30.9,43.0,93.0
2025-09-23 13:00:00,0,0.0,31.5,38.0,78.0
2025-09-23 14:00:00,3,0.0,31.6,36.0,54.0
2025-09-23 15:00:00,18,0.0,31.9,34.0,81.0
2025-09-23 16:00:00,38,0.0,31.5,35.0,75.0
2025-09-23 17:00:00,48,0.0,29.9,41.0,87.0
2025-09-23 18:00:00,58,0.0,28.0,51.0,97.0
2025-09-23 19:00:00,53,0.0,26.4,60.0,96.0
2025-09-23 20:00:00,93,0.0,24.7,72.0,90.0
2025-09-23 21:00:00,83,0.1,23.8,79.0,83.0
2025-09-23 22:00:00,63,0.0,23.3,82.0,84.0
2025-09-23 23:00:00,28,0.0,22.5,85.0,66.0
2025-09-24 00:00:00,13,0.0,21.5,88.0,69.0
2025-09-24 01:00:00,5,0.0,20.7,88.0,45.0
2025-09-24 02:00:00,0,0.0,20.0,84.0,43.0
2025-09-24 03:00:00,0,0.0,19.0,80.0,36.0
2025-09-24 04:00:00,0,0.0,18.0,76.0,15.0
2025-09-24 05:00:00,0,0.0,17.3,73.0,44.0
2025-09-24 06:00:00,0,0.0,16.7,73.0,51.0
2025-09-24 07:00:00,0,0.0,19.2,64.0,58.0
2025-09-24 08:00:00,0,0.0,22.6,53.0,100.0
2025-09-24 09:00:00,0,0.0,25.7,48.0,100.0
2025-09-24 10:00:00,0,0.0,28.2,41.0,22.0
2025-09-24 11:00:00,5,0.0,30.1,35.0,20.0
2025-09-24 12:00:00,3,0.0,31.0,32.0,39.0
2025-09-24 13:00:00,5,0.0,31.1,36.0,40.0
2025-09-24 14:00:00,8,0.0,31.7,34.0,83.0
2025-09-24 15:00:00,18,0.0,30.5,38.0,100.0
2025-09-24 16:00:00,30,0.0,28.3,50.0,100.0
2025-09-24 17:00:00,38,0.5,25.9,66.0,100.0
2025-09-24 18:00:00,60,1.1,24.7,76.0,100.0
2025-09-24 19:00:00,78,1.5,24.0,77.0,100.0
2025-09-24 20:00:00,28,1.2,23.4,81.0,100.0
2025-09-24 21:00:00,15,0.7,22.9,83.0,100.0
2025-09-24 22:00:00,13,0.2,22.5,85.0,83.0
2025-09-24 23:00:00,10,0.0,22.0,88.0,93.0
2025-09-25 00:00:00,13,0.0,21.6,88.0,96.0
2025-09-25 01:00:00,10,0.0,21.2,89.0,98.0
2025-09-25 02:00:00,10,0.0,20.9,89.0,96.0
2025-09-25 03:00:00,3,0.0,20.7,89.0,81.0
2025-09-25 04:00:00,0,0.0,20.3,91.0,78.0
2025-09-25 05:00:00,0,0.0,19.9,91.0,71.0
2025-09-25 06:00:00,0,0.0,19.7,91.0,65.0
2025-09-25 07:00:00,0,0.0,21.0,85.0,49.0
2025-09-25 08:00:00,0,0.0,23.8,67.0,22.0
2025-09-25 09:00:00,0,0.0,26.0,59.0,14.0
2025-09-25 10:00:00,0,0.0,27.7,52.0,26.0
2025-09-25 11:00:00,3,0.0,29.0,48.0,65.0
2025-09-25 12:00:00,3,0.0,29.8,46.0,74.0
2025-09-25 13:00:00,13,0.0,30.5,41.0,72.0
2025-09-25 14:00:00,23,0.0,30.9,39.0,76.0
2025-09-25 15:00:00,30,0.0,30.4,41.0,85.0
2025-09-25 16:00:00,53,0.0,27.8,58.0,59.0
2025-09-25 17:00:00,68,0.1,26.0,69.0,69.0
2025-09-25 18:00:00,73,0.0,25.2,71.0,87.0
2025-09-25 19:00:00,78,0.1,23.5,76.0,92.0
2025-09-25 20:00:00,80,0.3,22.5,84.0,91.0
2025-09-25 21:00:00,80,0.6,22.1,86.0,100.0
2025-09-25 22:00:00,75,0.2,22.0,87.0,100.0
2025-09-25 23:00:00,73,0.0,21.8,89.0,100.0
2025-09-26 00:00:00,68,0.0,21.8,89.0,100.0
2025-09-26 01:00:00,58,0.0,21.1,94.0,93.0
2025-09-26 02:00:00,50,0.0,21.0,94.0,94.0
2025-09-26 03:00:00,45,0.0,21.0,93.0,91.0
2025-09-26 04:00:00,23,0.0,20.8,93.0,83.0
2025-09-26 05:00:00,13,0.0,20.6,94.0,72.0
2025-09-26 06:00:00,10,0.0,20.3,95.0,100.0
2025-09-26 07:00:00,8,0.0,21.3,91.0,35.0
2025-09-26 08:00:00,10,0.0,23.6,79.0,54.0
2025-09-26 09:00:00,0,0.0,25.6,69.0,54.0
2025-09-26 10:00:00,0,0.0,27.2,60.0,77.0
2025-09-26 11:00:00,3,0.0,28.5,52.0,68.0
2025-09-26 12:00:00,5,0.0,29.6,47.0,84.0
2025-09-26 13:00:00,18,0.0,29.8,47.0,97.0
2025-09-26 14:00:00,30,0.0,28.8,54.0,84.0
2025-09-26 15:00:00,35,0.1,27.8,61.0,89.0
2025-09-26 16:00:00,60,0.2,27.4,63.0,75.0
2025-09-26 17:00:00,60,0.0,27.1,64.0,79.0
2025-09-26 18:00:00,60,0.1,25.7,72.0,83.0
2025-09-26 19:00:00,83,0.0,25.5,72.0,84.0
2025-09-26 20:00:00,78,0.0,24.3,81.0,91.0
2025-09-26 21:00:00,68,0.0,23.3,86.0,74.0
2025-09-26 22:00:00,53,0.0,22.8,88.0,89.0
2025-09-26 23:00:00,23,0.0,22.3,89.0,93.0
2025-09-27 00:00:00,13,0.0,21.9,89.0,98.0
2025-09-27 01:00:00,18,0.0,21.7,88.0,84.0
2025-09-27 02:00:00,15,0.0,21.3,89.0,81.0
2025-09-27 03:00:00,13,0.0,21.0,88.0,88.0
2025-09-27 04:00:00,13,0.0,20.6,88.0,93.0
2025-09-27 05:00:00,8,0.0,20.1,88.0,99.0
2025-09-27 06:00:00,0,0.0,19.8,88.0,96.0
2025-09-27 07:00:00,0,0.0,21.2,80.0,96.0
2025-09-27 08:00:00,0,0.0,24.0,65.0,100.0
2025-09-27 09:00:00,0,0.0,26.4,57.0,100.0
2025-09-27 10:00:00,0,0.0,28.2,52.0,100.0
2025-09-27 11:00:00,0,0.0,29.2,48.0,100.0
2025-09-27 12:00:00,3,0.0,30.3,45.0,94.0
2025-09-27 13:00:00,3,0.0,30.5,45.0,97.0
2025-09-27 14:00:00,10,0.0,29.8,47.0,94.0
2025-09-27 15:00:00,18,0.0,28.5,54.0,99.0
2025-09-27 16:00:00,48,0.1,27.7,57.0,79.0
2025-09-27 17:00:00,60,0.0,27.5,54.0,100.0
2025-09-27 18:00:00,43,0.0,25.6,61.0,100.0
2025-09-27 19:00:00,28,0.0,23.7,73.0,100.0
2025-09-27 20:00:00,5,0.0,22.5,80.0,100.0
2025-09-27 21:00:00,0,0.0,21.8,84.0,99.0
2025-09-27 22:00:00,0,0.0,21.2,86.0,97.0
2025-09-27 23:00:00,0,0.0,20.7,88.0,92.0
2025-09-28 00:00:00,0,0.0,20.5,89.0,97.0
2025-09-28 01:00:00,0,0.0,20.1,92.0,80.0
2025-09-28 02:00:00,0,0.0,19.9,93.0,64.0
2025-09-28 03:00:00,0,0.0,19.7,94.0,43.0
2025-09-28 04:00:00,0,0.0,19.3,95.0,54.0
2025-09-28 05:00:00,0,0.0,19.0,94.0,68.0
2025-09-28 06:00:00,0,0.0,18.8,94.0,59.0
2025-09-28 07:00:00,0,0.0,20.6,88.0,75.0
2025-09-28 08:00:00,0,0.0,23.9,74.0,71.0
2025-09-28 09:00:00,0,0.0,26.4,62.0,89.0
2025-09-28 10:00:00,0,0.0,28.3,53.0,89.0
2025-09-28 11:00:00,5,0.0,29.0,49.0,86.0
2025-09-28 12:00:00,5,0.0,29.8,46.0,75.0
2025-09-28 13:00:00,8,0.0,30.0,47.0,64.0
2025-09-28 14:00:00,20,0.0,30.2,47.0,79.0
2025-09-28 15:00:00,35,0.0,29.3,50.0,94.0
2025-09-28 16:00:00,45,0.0,28.2,55.0,88.0
2025-09-28 17:00:00,35,0.0,27.3,60.0,67.0
2025-09-28 18:00:00,25,0.0,25.7,68.0,49.0
2025-09-28 19:00:00,8,0.0,24.7,74.0,37.0
2025-09-28 20:00:00,10,0.0,23.8,78.0,17.0
2025-09-28 21:00:00,0,0.0,23.0,81.0,41.0
2025-09-28 22:00:00,0,0.0,22.0,87.0,54.0
2025-09-28 23:00:00,0,0.0,21.4,90.0,82.0
2025-09-29 00:00:00,0,0.0,21.1,92.0,89.0
2025-09-29 01:00:00,3,0.0,20.9,91.0,85.0
2025-09-29 02:00:00,10,0.0,20.6,92.0,78.0
2025-09-29 03:00:00,13,0.0,20.7,91.0,70.0
2025-09-29 04:00:00,0,0.0,20.4,92.0,77.0
2025-09-29 05:00:00,0,0.0,20.4,91.0,77.0
2025-09-29 06:00:00,0,0.0,20.1,92.0,76.0
2025-09-29 07:00:00,0,0.0,21.3,86.0,73.0
2025-09-29 08:00:00,0,0.0,24.3,72.0,44.0
2025-09-29 09:00:00,10,0.0,26.4,65.0,79.0
2025-09-29 10:00:00,20,0.0,28.3,54.0,61.0
2025-09-29 11:00:00,25,0.0,29.4,47.0,66.0
2025-09-29 12:00:00,43,0.0,30.5,41.0,67.0
2025-09-29 13:00:00,60,0.0,31.2,35.0,51.0
2025-09-29 14:00:00,78,0.0,31.1,34.0,91.0
2025-09-29 15:00:00,85,0.0,30.2,39.0,95.0
2025-09-29 16:00:00,90,0.0,29.3,44.0,100.0
2025-09-29 17:00:00,85,0.1,27.4,54.0,100.0
2025-09-29 18:00:00,83,0.1,25.8,63.0,100.0
2025-09-29 19:00:00,83,0.2,24.3,70.0,100.0
2025-09-29 20:00:00,85,0.1,23.7,75.0,91.0
2025-09-29 21:00:00,63,0.0,23.1,80.0,100.0
2025-09-29 22:00:00,28,0.0,22.4,84.0,100.0
2025-09-29 23:00:00,8,0.0,22.0,86.0,100.0
2025-09-30 00:00:00,8,0.0,21.5,88.0,100.0
2025-09-30 01:00:00,5,0.0,21.2,88.0,100.0
2025-09-30 02:00:00,3,0.0,20.9,88.0,100.0
2025-09-30 03:00:00,3,0.0,20.5,90.0,95.0
2025-09-30 04:00:00,3,0.0,20.2,91.0,93.0
2025-09-30 05:00:00,0,0.0,19.9,92.0,85.0
2025-09-30 06:00:00,0,0.0,19.8,92.0,100.0
2025-09-30 07:00:00,3,0.0,21.0,84.0,90.0
2025-09-30 08:00:00,0,0.0,23.6,70.0,98.0
2025-09-30 09:00:00,0,0.0,26.0,58.0,100.0
2025-09-30 10:00:00,8,0.0,27.6,52.0,100.0
2025-09-30 11:00:00,18,0.0,28.9,48.0,83.0
2025-09-30 12:00:00,20,0.0,29.8,44.0,92.0
2025-09-30 13:00:00,25,0.0,29.6,44.0,100.0
2025-09-30 14:00:00,30,0.1,28.4,49.0,100.0
2025-09-30 15:00:00,53,0.1,27.4,55.0,100.0
2025-09-30 16:00:00,70,0.1,27.0,59.0,100.0
2025-09-30 17:00:00,88,0.1,26.4,63.0,100.0
2025-09-30 18:00:00,78,0.1,25.4,69.0,100.0
2025-09-30 19:00:00,70,0.2,24.1,81.0,100.0
2025-09-30 20:00:00,60,1.5,23.3,87.0,100.0
2025-09-30 21:00:00,58,0.9,23.0,88.0,100.0
2025-09-30 22:00:00,40,0.0,22.8,89.0,98.0
2025-09-30 23:00:00,35,0.0,22.5,90.0,99.0
2025-10-01 00:00:00,23,0.0,22.3,92.0,91.0
2025-10-01 01:00:00,15,0.0,21.6,93.0,66.0
2025-10-01 02:00:00,5,0.0,21.2,94.0,78.0
2025-10-01 03:00:00,3,0.0,21.0,94.0,80.0
2025-10-01 04:00:00,5,0.0,20.7,94.0,69.0
2025-10-01 05:00:00,5,0.0,20.4,95.0,55.0
2025-10-01 06:00:00,5,0.0,20.1,95.0,45.0
2025-10-01 07:00:00,8,0.0,21.6,87.0,33.0
2025-10-01 08:00:00,8,0.0,23.7,76.0,24.0
2025-10-01 09:00:00,3,0.0,25.8,67.0,34.0
2025-10-01 10:00:00,5,0.0,27.7,55.0,54.0
2025-10-01 11:00:00,10,0.0,29.0,48.0,78.0
2025-10-01 12:00:00,20,0.0,29.5,45.0,87.0
2025-10-01 13:00:00,30,0.0,29.0,50.0,86.0
2025-10-01 14:00:00,50,0.1,27.9,58.0,75.0
2025-10-01 15:00:00,60,0.4,26.7,66.0,100.0
2025-10-01 16:00:00,70,0.1,26.1,68.0,100.0
2025-10-01 17:00:00,80,0.1,25.2,71.0,100.0
2025-10-01 18:00:00,78,0.1,24.4,75.0,100.0
2025-10-01 19:00:00,68,0.0,24.1,77.0,100.0
2025-10-01 20:00:00,38,0.0,23.3,83.0,100.0
2025-10-01 21:00:00,13,0.0,22.5,86.0,100.0
2025-10-01 22:00:00,5,0.0,21.9,88.0,100.0
2025-10-01 23:00:00,5,0.0,21.3,91.0,100.0
2025-10-02 00:00:00,3,0.0,20.9,93.0,100.0
2025-10-02 01:00:00,3,0.0,20.1,95.0,83.0
2025-10-02 02:00:00,3,0.0,19.6,97.0,98.0
2025-10-02 03:00:00,0,0.0,19.5,96.0,86.0
2025-10-02 04:00:00,0,0.0,19.3,95.0,57.0
2025-10-02 05:00:00,0,0.0,19.2,95.0,47.0
2025-10-02 06:00:00,0,0.0,18.9,95.0,61.0
2025-10-02 07:00:00,0,0.0,20.6,88.0,77.0
2025-10-02 08:00:00,0,0.0,23.5,73.0,64.0
2025-10-02 09:00:00,0,0.0,25.8,64.0,86.0
2025-10-02 10:00:00,10,0.0,27.5,55.0,99.0
2025-10-02 11:00:00,30,0.0,28.3,53.0,100.0
2025-10-02 12:00:00,48,0.0,28.6,53.0,89.0
2025-10-02 13:00:00,70,0.0,28.1,56.0,97.0
2025-10-02 14:00:00,88,0.0,27.7,59.0,90.0
2025-10-02 15:00:00,85,0.2,27.2,62.0,100.0
2025-10-02 16:00:00,88,0.4,26.2,68.0,100.0
2025-10-02 17:00:00,65,1.4,25.4,74.0,100.0
2025-10-02 18:00:00,53,2.1,24.3,79.0,100.0
2025-10-02 19:00:00,30,1.3,23.6,83.0,100.0
2025-10-02 20:00:00,18,0.0,22.8,90.0,100.0
2025-10-02 21:00:00,3,0.0,22.1,94.0,100.0
2025-10-02 22:00:00,0,0.0,21.7,96.0,100.0
2025-10-02 23:00:00,0,0.0,21.4,96.0,100.0
2025-10-03 00:00:00,0,0.0,21.1,96.0,100.0
2025-10-03 01:00:00,0,0.0,20.0,98.0,100.0
2025-10-03 02:00:00,0,0.0,19.5,99.0,100.0
2025-10-03 03:00:00,0,0.0,19.4,99.0,100.0
2025-10-03 04:00:00,0,0.0,19.4,98.0,100.0
2025-10-03 05:00:00,0,0.0,19.4,97.0,100.0
2025-10-03 06:00:00,0,0.0,19.5,94.0,100.0
2025-10-03 07:00:00,0,0.0,20.4,88.0,100.0
2025-10-03 08:00:00,0,0.0,23.0,77.0,100.0
2025-10-03 09:00:00,0,0.0,25.5,63.0,100.0
2025-10-03 10:00:00,0,0.0,27.4,55.0,100.0
2025-10-03 11:00:00,0,0.0,29.0,48.0,100.0
2025-10-03 12:00:00,0,0.0,30.0,43.0,100.0
2025-10-03 13:00:00,0,0.0,30.8,41.0,100.0
2025-10-03 14:00:00,0,0.0,31.2,39.0,100.0
2025-10-03 15:00:00,3,0.0,30.9,39.0,100.0
2025-10-03 16:00:00,8,0.0,30.6,41.0,100.0
2025-10-03 17:00:00,10,0.0,29.7,46.0,85.0
2025-10-03 18:00:00,10,0.0,27.7,60.0,52.0
2025-10-03 19:00:00,10,0.0,26.1,71.0,67.0
2025-10-03 20:00:00,5,0.0,24.6,80.0,44.0
2025-10-03 21:00:00,3,0.0,23.7,85.0,67.0
2025-10-03 22:00:00,10,0.0,23.2,86.0,85.0
2025-10-03 23:00:00,10,0.0,22.3,90.0,96.0
2025-10-04 00:00:00,8,0.0,21.8,91.0,91.0
2025-10-04 01:00:00,5,0.0,21.3,90.0,96.0
2025-10-04 02:00:00,3,0.0,20.8,92.0,100.0
2025-10-04 03:00:00,0,0.0,20.3,93.0,100.0
2025-10-04 04:00:00,0,0.0,19.6,95.0,100.0
2025-10-04 05:00:00,0,0.0,19.1,95.0,100.0
2025-10-04 06:00:00,0,0.0,18.7,94.0,100.0
2025-10-04 07:00:00,0,0.0,20.7,81.0,87.0
2025-10-04 08:00:00,0,0.0,24.1,61.0,100.0
2025-10-04 09:00:00,0,0.0,27.0,49.0,100.0
2025-10-04 10:00:00,0,0.0,29.1,43.0,100.0
2025-10-04 11:00:00,0,0.0,30.7,41.0,22.0
2025-10-04 12:00:00,0,0.0,31.7,40.0,100.0
2025-10-04 13:00:00,0,0.0,32.0,41.0,95.0
2025-10-04 14:00:00,15,0.0,32.2,38.0,74.0
2025-10-04 15:00:00,38,0.0,32.0,38.0,100.0
2025-10-04 16:00:00,68,0.0,31.0,41.0,100.0
2025-10-04 17:00:00,80,0.0,28.5,52.0,100.0
2025-10-04 18:00:00,55,0.0,25.9,70.0,53.0
2025-10-04 19:00:00,38,0.0,25.4,74.0,18.0
2025-10-04 20:00:00,10,0.0,24.1,82.0,36.0
2025-10-04 21:00:00,0,0.0,23.3,85.0,100.0
2025-10-04 22:00:00,5,0.0,22.8,85.0,100.0
2025-10-04 23:00:00,3,0.0,22.0,87.0,100.0
2025-10-05 00:00:00,5,0.0,21.4,88.0,95.0
2025-10-05 01:00:00,5,0.0,21.1,84.0,92.0
2025-10-05 02:00:00,0,0.0,20.6,82.0,92.0
2025-10-05 03:00:00,0,0.0,19.8,81.0,15.0
2025-10-05 04:00:00,0,0.0,18.8,81.0,41.0
2025-10-05 05:00:00,0,0.0,18.2,78.0,12.0
2025-10-05 06:00:00,0,0.0,17.7,76.0,14.0
2025-10-05 07:00:00,0,0.0,19.9,67.0,0.0
2025-10-05 08:00:00,0,0.0,23.8,48.0,0.0
2025-10-05 09:00:00,0,0.0,26.7,42.0,0.0
2025-10-05 10:00:00,0,0.0,28.4,44.0,38.0
2025-10-05 11:00:00,0,0.0,29.6,46.0,74.0
2025-10-05 12:00:00,5,0.0,30.4,43.0,100.0
2025-10-05 13:00:00,10,0.0,30.6,45.0,100.0
2025-10-05 14:00:00,28,0.0,29.2,49.0,100.0
2025-10-05 15:00:00,53,0.1,27.4,59.0,100.0
2025-10-05 16:00:00,65,0.0,26.7,64.0,100.0
2025-10-05 17:00:00,68,0.1,25.8,68.0,100.0
2025-10-05 18:00:00,55,0.1,24.8,74.0,100.0
2025-10-05 19:00:00,48,0.0,24.7,74.0,100.0
2025-10-05 20:00:00,43,0.0,23.7,81.0,100.0
2025-10-05 21:00:00,13,0.0,23.0,86.0,100.0
2025-10-05 22:00:00,5,0.0,22.4,88.0,100.0
2025-10-05 23:00:00,5,0.0,22.0,90.0,100.0
2025-10-06 00:00:00,0,0.0,21.6,91.0,100.0
2025-10-06 01:00:00,3,0.0,21.5,89.0,100.0
2025-10-06 02:00:00,0,0.0,21.3,89.0,100.0
2025-10-06 03:00:00,0,0.0,21.0,90.0,100.0
2025-10-06 04:00:00,0,0.0,20.6,92.0,96.0
2025-10-06 05:00:00,0,0.0,20.2,93.0,100.0
2025-10-06 06:00:00,0,0.0,19.9,94.0,81.0
2025-10-06 07:00:00,0,0.0,21.9,83.0,51.0
2025-10-06 08:00:00,0,0.0,24.6,69.0,49.0
2025-10-06 09:00:00,0,0.0,26.8,58.0,100.0
2025-10-06 10:00:00,0,0.0,28.4,51.0,100.0
2025-10-06 11:00:00,3,0.0,29.5,45.0,100.0
2025-10-06 12:00:00,5,0.0,30.2,42.0,69.0
2025-10-06 13:00:00,5,0.0,30.0,43.0,100.0
2025-10-06 14:00:00,3,0.0,30.1,42.0,100.0
2025-10-06 15:00:00,3,0.0,29.8,42.0,100.0
2025-10-06 16:00:00,8,0.0,29.2,44.0,96.0
2025-10-06 17:00:00,10,0.0,27.6,54.0,43.0
2025-10-06 18:00:00,0,0.0,25.5,63.0,47.0
2025-10-06 19:00:00,3,0.0,24.3,69.0,29.0
2025-10-06 20:00:00,0,0.0,23.4,75.0,19.0
2025-10-06 21:00:00,0,0.0,22.8,79.0,28.0
2025-10-06 22:00:00,3,0.0,22.1,84.0,46.0
2025-10-06 23:00:00,0,0.0,21.5,88.0,46.0
2025-10-07 00:00:00,0,0.0,21.3,89.0,51.0
2025-10-07 01:00:00,0,0.0,20.8,89.0,49.0
2025-10-07 02:00:00,3,0.0,20.5,90.0,75.0
2025-10-07 03:00:00,0,0.0,20.3,91.0,84.0
2025-10-07 04:00:00,0,0.0,20.1,92.0,92.0
2025-10-07 05:00:00,0,0.0,19.8,93.0,100.0
2025-10-07 06:00:00,0,0.0,19.7,93.0,100.0
2025-10-07 07:00:00,0,0.0,21.3,85.0,100.0
2025-10-07 08:00:00,0,0.0,24.2,71.0,100.0
2025-10-07 09:00:00,0,0.0,26.6,62.0,100.0
2025-10-07 10:00:00,3,0.0,28.3,53.0,100.0
2025-10-07 11:00:00,3,0.0,29.4,46.0,100.0
2025-10-07 12:00:00,10,0.0,30.1,43.0,73.0
2025-10-07 13:00:00,25,0.0,29.8,46.0,53.0
2025-10-07 14:00:00,45,0.0,29.7,46.0,77.0
2025-10-07 15:00:00,65,0.0,28.7,53.0,54.0
2025-10-07 16:00:00,68,0.0,28.1,57.0,58.0
2025-10-07 17:00:00,78,0.1,26.5,63.0,82.0
2025-10-07 18:00:00,83,0.1,25.2,69.0,39.0
2025-10-07 19:00:00,93,0.0,23.7,78.0,71.0
2025-10-07 20:00:00,70,0.3,22.9,85.0,80.0
2025-10-07 21:00:00,38,0.0,22.5,88.0,44.0
2025-10-07 22:00:00,23,0.0,22.2,89.0,44.0
2025-10-07 23:00:00,15,0.0,21.7,90.0,56.0
2025-10-08 00:00:00,3,0.0,21.0,92.0,56.0
2025-10-08 01:00:00,0,0.0,20.7,91.0,38.0
2025-10-08 02:00:00,0,0.0,20.3,92.0,9.0
2025-10-08 03:00:00,0,0.0,19.9,93.0,0.0
2025-10-08 04:00:00,0,0.0,19.4,96.0,29.0
2025-10-08 05:00:00,0,0.0,19.0,96.0,38.0
2025-10-08 06:00:00,0,0.0,18.6,97.0,55.0
2025-10-08 07:00:00,0,0.0,21.1,84.0,9.0
2025-10-08 08:00:00,0,0.0,24.3,66.0,5.0
2025-10-08 09:00:00,0,0.0,26.7,57.0,6.0
2025-10-08 10:00:00,0,0.0,28.5,52.0,29.0
2025-10-08 11:00:00,0,0.0,29.8,47.0,62.0
2025-10-08 12:00:00,3,0.0,30.3,44.0,65.0
2025-10-08 13:00:00,3,0.0,30.2,44.0,62.0
2025-10-08 14:00:00,23,0.0,30.5,41.0,67.0
2025-10-08 15:00:00,35,0.0,30.3,40.0,74.0
2025-10-08 16:00:00,58,0.0,29.7,41.0,65.0
2025-10-08 17:00:00,65,0.0,28.3,47.0,100.0
2025-10-08 18:00:00,70,0.2,25.5,66.0,100.0
2025-10-08 19:00:00,88,0.1,24.1,74.0,100.0
2025-10-08 20:00:00,90,0.0,23.4,75.0,84.0
2025-10-08 21:00:00,53,0.0,22.3,78.0,39.0
2025-10-08 22:00:00,13,0.0,21.2,82.0,41.0
2025-10-08 23:00:00,0,0.0,20.3,85.0,36.0
2025-10-09 00:00:00,0,0.0,19.5,86.0,10.0
2025-10-09 01:00:00,0,0.0,19.2,84.0,36.0
2025-10-09 02:00:00,0,0.0,18.7,85.0,9.0
2025-10-09 03:00:00,0,0.0,18.0,90.0,12.0
2025-10-09 04:00:00,0,0.0,17.6,93.0,33.0
2025-10-09 05:00:00,0,0.0,17.3,94.0,29.0
2025-10-09 06:00:00,0,0.0,17.3,93.0,13.0
2025-10-09 07:00:00,0,0.0,19.1,83.0,2.0
2025-10-09 08:00:00,0,0.0,23.2,65.0,3.0
2025-10-09 09:00:00,0,0.0,26.2,55.0,6.0
2025-10-09 10:00:00,0,0.0,28.5,46.0,8.0
2025-10-09 11:00:00,0,0.0,29.9,41.0,9.0
2025-10-09 12:00:00,0,0.0,30.4,38.0,34.0
2025-10-09 13:00:00,0,0.0,30.9,36.0,74.0
2025-10-09 14:00:00,0,0.0,30.9,35.0,71.0
2025-10-09 15:00:00,0,0.0,30.4,36.0,82.0
2025-10-09 16:00:00,3,0.0,28.5,48.0,88.0
2025-10-09 17:00:00,18,0.1,26.6,58.0,86.0
2025-10-09 18:00:00,35,0.0,25.3,66.0,64.0
2025-10-09 19:00:00,55,0.0,24.7,70.0,69.0
2025-10-09 20:00:00,80,0.0,23.8,75.0,79.0
2025-10-09 21:00:00,65,0.1,23.1,80.0,97.0
2025-10-09 22:00:00,38,0.2,22.0,86.0,99.0
2025-10-09 23:00:00,20,0.0,21.4,89.0,97.0
2025-10-10 00:00:00,13,0.0,21.1,91.0,93.0
2025-10-10 01:00:00,5,0.0,20.8,92.0,90.0
2025-10-10 02:00:00,5,0.0,20.2,94.0,88.0
2025-10-10 03:00:00,3,0.0,19.8,95.0,42.0
2025-10-10 04:00:00,0,0.0,19.5,95.0,100.0
2025-10-10 05:00:00,0,0.0,19.5,94.0,100.0
2025-10-10 06:00:00,0,0.0,19.0,95.0,100.0
2025-10-10 07:00:00,0,0.0,21.0,83.0,9.0
2025-10-10 08:00:00,0,0.0,24.0,69.0,23.0
2025-10-10 09:00:00,0,0.0,26.1,62.0,26.0
2025-10-10 10:00:00,0,0.0,28.0,54.0,23.0
2025-10-10 11:00:00,3,0.0,29.3,46.0,99.0
2025-10-10 12:00:00,3,0.0,29.8,42.0,100.0
2025-10-10 13:00:00,10,0.0,30.5,39.0,65.0
2025-10-10 14:00:00,10,0.0,30.5,39.0,100.0
2025-10-10 15:00:00,5,0.0,29.8,41.0,100.0
2025-10-10 16:00:00,25,0.0,28.9,47.0,93.0
2025-10-10 17:00:00,50,0.0,26.7,58.0,100.0
2025-10-10 18:00:00,83,0.0,25.3,66.0,100.0
2025-10-10 19:00:00,98,0.0,24.5,73.0,90.0
2025-10-10 20:00:00,93,0.0,23.8,77.0,100.0
2025-10-10 21:00:00,98,0.0,23.4,79.0,69.0
2025-10-10 22:00:00,88,0.0,22.8,82.0,35.0
2025-10-10 23:00:00,75,0.0,22.2,85.0,34.0
2025-10-11 00:00:00,43,0.0,21.6,87.0,44.0
2025-10-11 01:00:00,18,0.0,21.2,88.0,60.0
2025-10-11 02:00:00,13,0.0,20.4,90.0,89.0
2025-10-11 03:00:00,3,0.0,19.9,90.0,78.0
2025-10-11 04:00:00,0,0.0,19.4,91.0,44.0
2025-10-11 05:00:00,0,0.0,19.0,90.0,38.0
2025-10-11 06:00:00,0,0.0,18.9,90.0,51.0
2025-10-11 07:00:00,0,0.0,21.0,80.0,23.0
2025-10-11 08:00:00,0,0.0,23.9,69.0,0.0
2025-10-11 09:00:00,0,0.0,26.0,63.0,13.0
2025-10-11 10:00:00,0,0.0,27.8,54.0,68.0
2025-10-11 11:00:00,3,0.0,28.3,50.0,74.0
2025-10-11 12:00:00,3,0.0,29.2,47.0,93.0
2025-10-11 13:00:00,13,0.0,28.7,54.0,80.0
2025-10-11 14:00:00,28,0.0,28.0,59.0,84.0
2025-10-11 15:00:00,30,0.0,27.7,59.0,75.0
2025-10-11 16:00:00,35,0.0,26.9,63.0,63.0
2025-10-11 17:00:00,20,0.0,26.3,66.0,32.0
2025-10-11 18:00:00,38,0.0,25.1,73.0,52.0
2025-10-11 19:00:00,45,0.0,24.4,78.0,75.0
2025-10-11 20:00:00,38,0.0,23.8,81.0,70.0
2025-10-11 21:00:00,18,0.0,23.1,81.0,29.0
2025-10-11 22:00:00,13,0.0,22.3,84.0,32.0
2025-10-11 23:00:00,5,0.0,21.7,87.0,52.0
2025-10-12 00:00:00,0,0.0,21.1,89.0,83.0
2025-10-12 01:00:00,0,0.0,20.6,90.0,9.0
2025-10-12 02:00:00,0,0.0,20.1,91.0,0.0
2025-10-12 03:00:00,0,0.0,19.6,93.0,2.0
2025-10-12 04:00:00,0,0.0,19.2,95.0,34.0
2025-10-12 05:00:00,0,0.0,18.9,95.0,27.0
2025-10-12 06:00:00,0,0.0,18.8,95.0,42.0
2025-10-12 07:00:00,0,0.0,20.7,85.0,0.0
2025-10-12 08:00:00,0,0.0,24.2,71.0,0.0
2025-10-12 09:00:00,0,0.0,26.8,60.0,34.0
2025-10-12 10:00:00,0,0.0,28.7,50.0,56.0
2025-10-12 11:00:00,0,0.0,29.8,45.0,57.0
2025-10-12 12:00:00,3,0.0,30.4,43.0,60.0
2025-10-12 13:00:00,3,0.0,30.7,42.0,34.0
2025-10-12 14:00:00,5,0.0,30.9,42.0,85.0
2025-10-12 15:00:00,8,0.0,30.4,43.0,97.0
2025-10-12 16:00:00,15,0.0,29.8,47.0,95.0
2025-10-12 17:00:00,30,0.0,28.8,51.0,68.0
2025-10-12 18:00:00,35,0.0,26.8,60.0,60.0
2025-10-12 19:00:00,48,0.0,25.4,68.0,100.0
2025-10-12 20:00:00,8,0.0,24.6,73.0,93.0
2025-10-12 21:00:00,8,0.0,23.9,76.0,100.0
2025-10-12 22:00:00,5,0.0,23.0,82.0,100.0
2025-10-12 23:00:00,3,0.0,22.3,86.0,100.0
2025-10-13 00:00:00,3,0.0,22.1,89.0,100.0
2025-10-13 01:00:00,0,0.0,22.0,89.0,100.0
2025-10-13 02:00:00,0,0.0,21.7,90.0,100.0
2025-10-13 03:00:00,0,0.0,21.4,90.0,93.0
2025-10-13 04:00:00,0,0.0,21.1,91.0,56.0
2025-10-13 05:00:00,0,0.0,20.9,91.0,60.0
2025-10-13 06:00:00,0,0.0,20.6,92.0,54.0
2025-10-13 07:00:00,0,0.0,22.0,84.0,64.0
2025-10-13 08:00:00,0,0.0,24.9,71.0,12.0
2025-10-13 09:00:00,0,0.0,27.2,61.0,61.0
2025-10-13 10:00:00,10,0.0,28.6,54.0,67.0
2025-10-13 11:00:00,20,0.0,29.5,50.0,38.0
2025-10-13 12:00:00,38,0.0,30.3,47.0,86.0
2025-10-13 13:00:00,60,0.0,29.7,54.0,74.0
2025-10-13 14:00:00,60,0.1,28.8,60.0,100.0
2025-10-13 15:00:00,75,0.4,27.9,65.0,100.0
2025-10-13 16:00:00,80,0.2,27.4,65.0,94.0
2025-10-13 17:00:00,78,0.0,26.5,68.0,78.0
2025-10-13 18:00:00,68,0.1,25.4,75.0,85.0
2025-10-13 19:00:00,65,0.1,24.5,79.0,100.0
2025-10-13 20:00:00,55,0.0,23.8,84.0,100.0
2025-10-13 21:00:00,30,0.0,23.2,88.0,100.0
2025-10-13 22:00:00,5,0.0,23.0,89.0,100.0
2025-10-13 23:00:00,3,0.0,22.6,90.0,100.0
2025-10-14 00:00:00,3,0.0,22.2,91.0,100.0
2025-10-14 01:00:00,3,0.0,21.9,91.0,100.0
2025-10-14 02:00:00,0,0.0,21.8,90.0,100.0
2025-10-14 03:00:00,0,0.0,21.5,90.0,100.0
2025-10-14 04:00:00,0,0.0,21.0,91.0,100.0
2025-10-14 05:00:00,0,0.0,20.6,93.0,79.0
2025-10-14 06:00:00,0,0.0,20.3,93.0,98.0
2025-10-14 07:00:00,0,0.0,21.9,83.0,70.0
2025-10-14 08:00:00,0,0.0,24.7,71.0,20.0
2025-10-14 09:00:00,0,0.0,27.0,63.0,36.0
2025-10-14 10:00:00,0,0.0,28.9,53.0,39.0
2025-10-14 11:00:00,3,0.0,30.2,48.0,43.0
2025-10-14 12:00:00,8,0.0,30.9,45.0,44.0
2025-10-14 13:00:00,13,0.0,31.8,41.0,44.0
2025-10-14 14:00:00,20,0.0,31.8,41.0,64.0
2025-10-14 15:00:00,28,0.0,31.1,44.0,31.0
2025-10-14 16:00:00,43,0.0,29.3,54.0,57.0
2025-10-14 17:00:00,53,0.0,27.6,65.0,18.0
2025-10-14 18:00:00,53,0.0,26.6,67.0,27.0
2025-10-14 19:00:00,63,0.0,25.7,69.0,4.0
2025-10-14 20:00:00,38,0.0,24.9,74.0,11.0
2025-10-14 21:00:00,15,0.0,24.2,78.0,6.0
2025-10-14 22:00:00,3,0.0,23.5,83.0,10.0
2025-10-14 23:00:00,3,0.0,22.8,86.0,37.0
2025-10-15 00:00:00,3,0.0,22.3,88.0,37.0
2025-10-15 01:00:00,0,0.0,22.2,87.0,15.0
2025-10-15 02:00:00,0,0.0,21.7,89.0,0.0
2025-10-15 03:00:00,0,0.0,21.1,90.0,0.0
2025-10-15 04:00:00,0,0.0,20.4,93.0,0.0
2025-10-15 05:00:00,0,0.0,20.0,95.0,7.0
2025-10-15 06:00:00,0,0.0,19.8,95.0,8.0
2025-10-15 07:00:00,0,0.0,21.7,85.0,0.0
2025-10-15 08:00:00,0,0.0,25.0,69.0,2.0
2025-10-15 09:00:00,0,0.0,27.6,60.0,43.0
2025-10-15 10:00:00,0,0.0,29.7,50.0,56.0
2025-10-15 11:00:00,3,0.0,31.0,44.0,57.0
2025-10-15 12:00:00,5,0.0,31.6,41.0,58.0
2025-10-15 13:00:00,15,0.0,32.1,39.0,68.0
2025-10-15 14:00:00,13,0.0,31.9,38.0,81.0
2025-10-15 15:00:00,30,0.0,31.6,37.0,79.0
2025-10-15 16:00:00,33,0.0,29.9,46.0,98.0
2025-10-15 17:00:00,40,0.0,27.5,64.0,55.0
2025-10-15 18:00:00,48,0.0,26.5,66.0,46.0
2025-10-15 19:00:00,48,0.0,26.1,65.0,0.0
2025-10-15 20:00:00,33,0.0,25.1,70.0,28.0
2025-10-15 21:00:00,40,0.0,24.2,75.0,7.0
2025-10-15 22:00:00,23,0.0,23.5,78.0,4.0
2025-10-15 23:00:00,15,0.0,22.8,79.0,29.0
2025-10-16 00:00:00,13,0.0,22.3,81.0,35.0
2025-10-16 01:00:00,0,0.0,22.3,80.0,24.0
2025-10-16 02:00:00,0,0.0,21.8,82.0,45.0
2025-10-16 03:00:00,0,0.0,21.4,84.0,47.0
2025-10-16 04:00:00,0,0.0,20.9,87.0,48.0
2025-10-16 05:00:00,3,0.0,20.7,89.0,21.0
2025-10-16 06:00:00,0,0.0,20.7,90.0,23.0
2025-10-16 07:00:00,0,0.0,22.8,81.0,61.0
2025-10-16 08:00:00,0,0.0,25.6,67.0,6.0
2025-10-16 09:00:00,0,0.0,27.5,57.0,48.0
2025-10-16 10:00:00,0,0.0,29.1,51.0,27.0
2025-10-16 11:00:00,20,0.0,30.2,46.0,34.0
2025-10-16 12:00:00,23,0.0,31.0,42.0,70.0
2025-10-16 13:00:00,40,0.0,31.0,41.0,80.0
2025-10-16 14:00:00,48,0.0,31.2,41.0,100.0
2025-10-16 15:00:00,50,0.0,30.5,44.0,100.0
2025-10-16 16:00:00,58,0.0,29.0,51.0,100.0
2025-10-16 17:00:00,63,0.0,28.0,57.0,100.0
2025-10-16 18:00:00,78,0.0,26.6,64.0,100.0
2025-10-16 19:00:00,78,0.0,25.3,71.0,100.0
2025-10-16 20:00:00,35,0.0,24.5,75.0,100.0
2025-10-16 21:00:00,25,0.0,23.8,78.0,100.0
2025-10-16 22:00:00,5,0.0,23.3,80.0,100.0
2025-10-16 23:00:00,5,0.0,22.7,82.0,100.0
2025-10-17 00:00:00,0,0.0,22.1,84.0,100.0
2025-10-17 01:00:00,0,0.0,21.5,87.0,100.0
2025-10-17 02:00:00,0,0.0,21.0,88.0,100.0
2025-10-17 03:00:00,0,0.0,20.6,90.0,100.0
2025-10-17 04:00:00,0,0.0,19.9,93.0,86.0
2025-10-17 05:00:00,0,0.0,19.6,95.0,63.0
2025-10-17 06:00:00,0,0.0,19.5,95.0,55.0
2025-10-17 07:00:00,0,0.0,22.2,82.0,30.0
2025-10-17 08:00:00,0,0.0,25.2,69.0,16.0
2025-10-17 09:00:00,0,0.0,27.4,60.0,61.0
2025-10-17 10:00:00,0,0.0,29.2,52.0,64.0
2025-10-17 11:00:00,13,0.0,30.9,46.0,43.0
2025-10-17 12:00:00,35,0.0,31.1,46.0,71.0
2025-10-17 13:00:00,63,0.1,30.7,49.0,72.0
2025-10-17 14:00:00,93,0.1,30.2,50.0,80.0
2025-10-17 15:00:00,98,0.2,28.8,55.0,100.0
2025-10-17 16:00:00,98,0.1,27.7,63.0,100.0
2025-10-17 17:00:00,100,0.2,26.9,68.0,100.0
2025-10-17 18:00:00,90,1.7,25.7,75.0,100.0
2025-10-17 19:00:00,100,0.8,24.6,78.0,100.0
2025-10-17 20:00:00,100,0.0,24.1,80.0,100.0
2025-10-17 21:00:00,98,0.0,23.6,82.0,100.0
2025-10-17 22:00:00,63,0.0,23.0,85.0,100.0
2025-10-17 23:00:00,45,0.0,22.5,87.0,100.0
2025-10-18 00:00:00,23,0.0,21.9,89.0,100.0
2025-10-18 01:00:00,5,0.0,21.7,88.0,100.0
2025-10-18 02:00:00,3,0.0,21.0,90.0,100.0
2025-10-18 03:00:00,3,0.0,20.7,90.0,100.0
2025-10-18 04:00:00,0,0.0,20.4,91.0,75.0
2025-10-18 05:00:00,0,0.0,20.2,90.0,67.0
2025-10-18 06:00:00,0,0.0,20.2,90.0,18.0
2025-10-18 07:00:00,0,0.0,21.6,83.0,42.0
2025-10-18 08:00:00,0,0.0,24.6,70.0,5.0
2025-10-18 09:00:00,0,0.0,27.0,61.0,5.0
2025-10-18 10:00:00,3,0.0,28.7,53.0,44.0
2025-10-18 11:00:00,0,0.0,30.2,46.0,65.0
2025-10-18 12:00:00,0,0.0,31.4,42.0,51.0
2025-10-18 13:00:00,10,0.0,31.1,44.0,88.0
2025-10-18 14:00:00,23,0.1,30.4,46.0,100.0
2025-10-18 15:00:00,45,0.3,28.9,54.0,100.0
2025-10-18 16:00:00,73,0.0,28.3,56.0,100.0
2025-10-18 17:00:00,85,0.0,27.6,59.0,100.0
2025-10-18 18:00:00,95,0.1,26.3,65.0,100.0
2025-10-18 19:00:00,95,0.0,24.9,76.0,100.0
2025-10-18 20:00:00,45,0.0,24.0,83.0,100.0
2025-10-18 21:00:00,33,0.0,23.4,88.0,100.0
2025-10-18 22:00:00,30,0.0,22.9,90.0,100.0
2025-10-18 23:00:00,13,0.0,22.5,92.0,100.0
2025-10-19 00:00:00,8,0.0,22.1,93.0,42.0
2025-10-19 01:00:00,5,0.0,21.5,95.0,70.0
2025-10-19 02:00:00,0,0.0,21.0,97.0,74.0
2025-10-19 03:00:00,3,0.0,20.7,97.0,74.0
2025-10-19 04:00:00,0,0.0,20.6,97.0,77.0
2025-10-19 05:00:00,0,0.0,20.2,97.0,83.0
2025-10-19 06:00:00,0,0.0,20.4,95.0,78.0
2025-10-19 07:00:00,0,0.0,22.7,83.0,68.0
2025-10-19 08:00:00,3,0.0,24.9,71.0,46.0
2025-10-19 09:00:00,15,0.0,26.9,63.0,75.0
2025-10-19 10:00:00,18,0.0,28.7,55.0,69.0
2025-10-19 11:00:00,28,0.0,29.6,50.0,87.0
2025-10-19 12:00:00,38,0.0,30.4,47.0,88.0
2025-10-19 13:00:00,48,0.0,30.3,49.0,89.0
2025-10-19 14:00:00,58,0.0,30.2,51.0,82.0
2025-10-19 15:00:00,75,0.1,29.2,56.0,100.0
2025-10-19 16:00:00,80,0.3,28.2,61.0,100.0
2025-10-19 17:00:00,83,0.3,27.0,67.0,100.0
2025-10-19 18:00:00,88,0.1,25.9,72.0,100.0
2025-10-19 19:00:00,85,0.0,25.5,78.0,100.0
2025-10-19 20:00:00,45,0.0,24.4,86.0,100.0
2025-10-19 21:00:00,25,0.0,23.6,92.0,94.0
2025-10-19 22:00:00,13,0.1,23.3,92.0,100.0
2025-10-19 23:00:00,13,0.0,23.1,93.0,100.0
2025-10-20 00:00:00,10,0.0,22.7,95.0,97.0
2025-10-20 01:00:00,5,0.0,22.3,97.0,94.0
2025-10-20 02:00:00,8,0.0,22.1,97.0,92.0
2025-10-20 03:00:00,0,0.0,21.7,99.0,92.0
2025-10-20 04:00:00,0,0.0,21.4,100.0,89.0
2025-10-20 05:00:00,0,0.0,21.2,100.0,95.0
2025-10-20 06:00:00,3,0.0,21.2,100.0,100.0
2025-10-20 07:00:00,0,0.0,23.0,91.0,95.0
2025-10-20 08:00:00,3,0.0,24.9,78.0,100.0
2025-10-20 09:00:00,8,0.0,27.0,66.0,100.0
2025-10-20 10:00:00,23,0.0,28.2,59.0,100.0
2025-10-20 11:00:00,25,0.0,29.4,53.0,100.0
2025-10-20 12:00:00,33,0.0,30.1,49.0,100.0
2025-10-20 13:00:00,35,0.0,30.7,47.0,100.0
2025-10-20 14:00:00,43,0.0,30.2,48.0,100.0
2025-10-20 15:00:00,55,0.0,28.9,56.0,100.0
2025-10-20 16:00:00,65,0.1,27.5,62.0,100.0
2025-10-20 17:00:00,73,0.2,26.8,66.0,100.0
2025-10-20 18:00:00,70,0.0,26.2,68.0,100.0
2025-10-20 19:00:00,83,0.0,25.0,78.0,100.0
2025-10-20 20:00:00,80,0.1,24.6,81.0,100.0
2025-10-20 21:00:00,58,0.1,23.9,85.0,100.0
2025-10-20 22:00:00,23,0.0,23.7,86.0,100.0
2025-10-20 23:00:00,13,0.0,23.4,89.0,100.0
2025-10-21 00:00:00,5,0.0,23.1,91.0,100.0
2025-10-21 01:00:00,5,0.0,22.4,95.0,100.0
2025-10-21 02:00:00,3,0.0,22.2,96.0,100.0
2025-10-21 03:00:00,0,0.0,21.8,98.0,100.0
2025-10-21 04:00:00,3,0.0,21.6,99.0,100.0
2025-10-21 05:00:00,3,0.0,21.5,99.0,100.0
2025-10-21 06:00:00,0,0.0,21.3,99.0,100.0
2025-10-21 07:00:00,0,0.0,22.4,93.0,100.0
2025-10-21 08:00:00,0,0.0,24.7,80.0,100.0
2025-10-21 09:00:00,0,0.0,27.1,64.0,100.0
2025-10-21 10:00:00,0,0.0,28.5,54.0,100.0
2025-10-21 11:00:00,8,0.0,29.4,50.0,97.0
2025-10-21 12:00:00,18,0.0,30.7,46.0,100.0
2025-10-21 13:00:00,23,0.0,31.3,44.0,81.0
2025-10-21 14:00:00,38,0.0,30.5,47.0,100.0
2025-10-21 15:00:00,50,0.2,28.7,57.0,100.0
2025-10-21 16:00:00,65,1.1,26.4,70.0,100.0
2025-10-21 17:00:00,78,1.7,25.8,74.0,100.0
2025-10-21 18:00:00,80,1.9,25.2,78.0,100.0
2025-10-21 19:00:00,80,1.9,24.8,81.0,100.0
2025-10-21 20:00:00,88,1.5,24.2,84.0,100.0
2025-10-21 21:00:00,85,1.4,23.0,89.0,100.0
2025-10-21 22:00:00,75,2.5,22.2,94.0,100.0
2025-10-21 23:00:00,60,1.5,21.9,95.0,100.0
2025-10-22 00:00:00,35,0.2,21.7,96.0,100.0
2025-10-22 01:00:00,15,0.1,21.4,96.0,100.0
2025-10-22 02:00:00,8,0.3,21.3,96.0,100.0
2025-10-22 03:00:00,5,0.1,21.2,96.0,100.0
2025-10-22 04:00:00,5,0.0,21.4,95.0,100.0
2025-10-22 05:00:00,3,0.0,21.4,95.0,100.0
2025-10-22 06:00:00,3,0.0,21.3,95.0,100.0
2025-10-22 07:00:00,0,0.0,22.0,92.0,97.0
2025-10-22 08:00:00,0,0.0,23.8,83.0,98.0
2025-10-22 09:00:00,0,0.0,26.1,69.0,97.0
2025-10-22 10:00:00,8,0.0,27.6,59.0,95.0
2025-10-22 11:00:00,5,0.0,29.0,51.0,100.0
2025-10-22 12:00:00,15,0.0,29.8,47.0,100.0
2025-10-22 13:00:00,25,0.0,29.0,52.0,100.0
2025-10-22 14:00:00,35,0.0,28.2,61.0,100.0
2025-10-22 15:00:00,55,0.6,27.2,70.0,100.0
2025-10-22 16:00:00,48,0.1,27.0,70.0,100.0
2025-10-22 17:00:00,53,2.8,26.3,75.0,100.0
2025-10-22 18:00:00,35,5.6,25.0,81.0,100.0
2025-10-22 19:00:00,35,4.3,22.9,94.0,100.0
2025-10-22 20:00:00,25,11.2,22.3,96.0,100.0
2025-10-22 21:00:00,28,9.1,22.1,97.0,100.0
2025-10-22 22:00:00,25,4.1,22.0,96.0,100.0
2025-10-22 23:00:00,25,1.5,21.9,96.0,100.0
2025-10-23 00:00:00,23,0.5,21.8,95.0,100.0
2025-10-23 01:00:00,15,0.1,21.7,96.0,100.0
2025-10-23 02:00:00,8,0.0,21.7,94.0,100.0
2025-10-23 03:00:00,5,0.0,21.7,93.0,100.0
2025-10-23 04:00:00,3,0.0,21.6,93.0,95.0
2025-10-23 05:00:00,3,0.0,21.5,93.0,91.0
2025-10-23 06:00:00,3,0.0,21.3,94.0,79.0
2025-10-23 07:00:00,5,0.0,22.5,84.0,60.0
2025-10-23 08:00:00,3,0.0,24.2,74.0,58.0
2025-10-23 09:00:00,5,0.0,25.8,65.0,69.0
2025-10-23 10:00:00,3,0.0,27.3,59.0,69.0
2025-10-23 11:00:00,0,0.0,28.4,53.0,83.0
2025-10-23 12:00:00,0,0.0,29.6,49.0,91.0
2025-10-23 13:00:00,5,0.1,28.2,61.0,100.0
2025-10-23 14:00:00,20,1.8,27.2,70.0,100.0
2025-10-23 15:00:00,30,5.0,26.3,75.0,100.0
2025-10-23 16:00:00,28,5.9,25.8,77.0,100.0
2025-10-23 17:00:00,28,3.1,25.0,83.0,100.0
2025-10-23 18:00:00,18,3.7,24.4,86.0,100.0
2025-10-23 19:00:00,18,1.0,23.8,90.0,100.0
2025-10-23 20:00:00,23,0.4,23.5,91.0,100.0
2025-10-23 21:00:00,25,0.0,23.3,91.0,100.0
2025-10-23 22:00:00,25,0.0,23.0,91.0,100.0
2025-10-23 23:00:00,5,0.0,22.7,89.0,100.0
2025-10-24 00:00:00,5,0.0,22.5,87.0,100.0
2025-10-24 01:00:00,0,0.0,22.4,83.0,100.0
2025-10-24 02:00:00,0,0.0,22.6,80.0,100.0
2025-10-24 03:00:00,3,0.0,22.1,83.0,91.0
2025-10-24 04:00:00,5,0.0,21.4,89.0,85.0
2025-10-24 05:00:00,5,0.0,21.1,92.0,92.0
2025-10-24 06:00:00,3,0.0,21.1,93.0,96.0
2025-10-24 07:00:00,3,0.0,22.4,88.0,94.0
2025-10-24 08:00:00,8,0.0,23.5,80.0,100.0
2025-10-24 09:00:00,5,0.0,24.2,76.0,100.0
2025-10-24 10:00:00,8,0.0,25.3,71.0,88.0
2025-10-24 11:00:00,15,0.0,27.0,65.0,95.0
2025-10-24 12:00:00,30,0.0,27.9,64.0,100.0
2025-10-24 13:00:00,35,0.3,26.6,72.0,100.0
2025-10-24 14:00:00,28,1.0,26.2,73.0,100.0
2025-10-24 15:00:00,28,0.3,26.4,70.0,100.0
2025-10-24 16:00:00,20,0.2,26.0,74.0,100.0
2025-10-24 17:00:00,20,1.1,25.0,79.0,100.0
2025-10-24 18:00:00,18,0.2,24.1,84.0,100.0
2025-10-24 19:00:00,20,0.0,23.4,88.0,100.0
2025-10-24 20:00:00,15,0.0,23.1,89.0,100.0
2025-10-24 21:00:00,13,0.0,22.7,89.0,100.0
2025-10-24 22:00:00,10,0.0,22.3,89.0,100.0
2025-10-24 23:00:00,10,0.1,21.9,89.0,100.0
2025-10-25 00:00:00,20,0.1,21.6,87.0,100.0
2025-10-25 01:00:00,23,0.2,21.3,89.0,100.0
2025-10-25 02:00:00,20,0.2,20.9,90.0,100.0
2025-10-25 03:00:00,18,0.2,20.6,92.0,100.0
2025-10-25 04:00:00,8,0.0,20.4,92.0,100.0
2025-10-25 05:00:00,3,0.0,20.3,92.0,100.0
2025-10-25 06:00:00,3,0.0,20.2,93.0,99.0
2025-10-25 07:00:00,5,0.0,21.2,89.0,99.0
2025-10-25 08:00:00,5,0.0,23.0,79.0,100.0
2025-10-25 09:00:00,5,0.0,25.1,67.0,100.0
2025-10-25 10:00:00,0,0.0,26.2,65.0,100.0
2025-10-25 11:00:00,3,0.0,26.3,64.0,100.0
2025-10-25 12:00:00,5,0.1,26.6,64.0,100.0
2025-10-25 13:00:00,15,0.0,27.2,61.0,100.0
2025-10-25 14:00:00,28,0.0,27.1,63.0,100.0
2025-10-25 15:00:00,25,0.0,26.8,67.0,100.0
2025-10-25 16:00:00,15,1.1,26.2,73.0,100.0
2025-10-25 17:00:00,10,3.7,24.9,80.0,100.0
2025-10-25 18:00:00,3,1.5,24.2,84.0,100.0
2025-10-25 19:00:00,0,0.0,24.9,76.0,100.0
2025-10-25 20:00:00,0,0.0,24.0,78.0,97.0
2025-10-25 21:00:00,0,0.0,23.0,81.0,41.0
2025-10-25 22:00:00,0,0.0,22.2,83.0,73.0
2025-10-25 23:00:00,0,0.0,21.4,86.0,46.0
2025-10-26 00:00:00,0,0.0,20.9,87.0,85.0
2025-10-26 01:00:00,0,0.0,20.9,81.0,65.0
2025-10-26 02:00:00,0,0.0,20.2,83.0,64.0
2025-10-26 03:00:00,0,0.0,19.3,89.0,84.0
2025-10-26 04:00:00,0,0.0,18.8,91.0,100.0
2025-10-26 05:00:00,0,0.0,18.5,92.0,100.0
2025-10-26 06:00:00,0,0.0,18.5,91.0,100.0
2025-10-26 07:00:00,0,0.0,20.5,83.0,100.0
2025-10-26 08:00:00,0,0.0,23.3,70.0,100.0
2025-10-26 09:00:00,0,0.0,26.1,56.0,100.0
2025-10-26 10:00:00,0,0.0,27.9,50.0,100.0
2025-10-26 11:00:00,3,0.0,28.7,48.0,77.0
2025-10-26 12:00:00,5,0.0,29.6,47.0,95.0
2025-10-26 13:00:00,25,0.0,27.8,60.0,100.0
2025-10-26 14:00:00,48,2.0,26.6,73.0,100.0
2025-10-26 15:00:00,70,2.8,26.2,74.0,100.0
2025-10-26 16:00:00,70,2.1,26.0,75.0,100.0
2025-10-26 17:00:00,65,3.0,25.4,79.0,100.0
2025-10-26 18:00:00,55,2.7,24.4,85.0,100.0
2025-10-26 19:00:00,48,1.9,23.4,87.0,100.0
2025-10-26 20:00:00,38,0.4,23.1,88.0,100.0
2025-10-26 21:00:00,23,0.0,22.7,90.0,100.0
2025-10-26 22:00:00,8,0.0,22.2,92.0,100.0
2025-10-26 23:00:00,3,0.0,21.7,93.0,95.0
2025-10-27 00:00:00,0,0.0,21.3,94.0,97.0
2025-10-27 01:00:00,0,0.0,21.4,93.0,100.0
2025-10-27 02:00:00,0,0.0,21.0,93.0,100.0
2025-10-27 03:00:00,0,0.0,20.8,93.0,92.0
2025-10-27 04:00:00,0,0.0,20.5,93.0,100.0
2025-10-27 05:00:00,0,0.0,20.1,94.0,100.0
2025-10-27 06:00:00,0,0.0,20.0,94.0,100.0
2025-10-27 07:00:00,0,0.0,21.7,84.0,100.0
2025-10-27 08:00:00,0,0.0,24.0,72.0,100.0
2025-10-27 09:00:00,0,0.0,25.7,66.0,100.0
2025-10-27 10:00:00,5,0.0,27.0,62.0,88.0
2025-10-27 11:00:00,3,0.0,27.6,60.0,64.0
2025-10-27 12:00:00,20,0.0,28.6,56.0,84.0
2025-10-27 13:00:00,35,0.0,28.7,54.0,79.0
2025-10-27 14:00:00,68,0.0,28.5,57.0,100.0
2025-10-27 15:00:00,80,0.3,27.0,66.0,100.0
2025-10-27 16:00:00,90,0.8,26.3,73.0,100.0
2025-10-27 17:00:00,90,0.6,25.8,75.0,100.0
2025-10-27 18:00:00,90,2.2,24.6,82.0,100.0
2025-10-27 19:00:00,83,1.7,24.3,81.0,100.0
2025-10-27 20:00:00,50,0.3,23.8,84.0,100.0
2025-10-27 21:00:00,38,0.0,23.5,85.0,100.0
2025-10-27 22:00:00,33,0.0,23.0,87.0,100.0
2025-10-27 23:00:00,18,0.0,22.5,89.0,99.0
2025-10-28 00:00:00,15,0.0,22.2,89.0,100.0
2025-10-28 01:00:00,13,0.0,22.2,87.0,100.0
2025-10-28 02:00:00,8,0.0,21.8,89.0,100.0
2025-10-28 03:00:00,18,0.0,21.6,91.0,100.0
2025-10-28 04:00:00,23,0.0,21.5,91.0,100.0
2025-10-28 05:00:00,13,0.0,21.2,92.0,100.0
2025-10-28 06:00:00,8,0.0,20.9,94.0,100.0
2025-10-28 07:00:00,8,0.0,21.9,92.0,100.0
2025-10-28 08:00:00,5,0.0,23.8,79.0,100.0
2025-10-28 09:00:00,13,0.0,25.2,72.0,91.0
2025-10-28 10:00:00,23,0.0,26.2,68.0,75.0
2025-10-28 11:00:00,53,0.0,27.1,65.0,87.0
2025-10-28 12:00:00,70,0.2,26.9,68.0,100.0
2025-10-28 13:00:00,83,2.4,25.6,75.0,100.0
2025-10-28 14:00:00,85,1.4,25.0,79.0,100.0
2025-10-28 15:00:00,75,1.2,24.4,82.0,100.0
2025-10-28 16:00:00,63,0.5,24.1,83.0,100.0
2025-10-28 17:00:00,45,0.0,23.9,84.0,100.0
2025-10-28 18:00:00,40,0.0,23.6,87.0,100.0
2025-10-28 19:00:00,28,0.0,23.3,88.0,100.0
2025-10-28 20:00:00,13,0.0,22.9,92.0,100.0
2025-10-28 21:00:00,8,0.0,22.7,94.0,100.0
2025-10-28 22:00:00,8,0.0,22.5,95.0,99.0
2025-10-28 23:00:00,5,0.0,22.2,95.0,100.0
2025-10-29 00:00:00,5,0.0,22.0,95.0,100.0
2025-10-29 01:00:00,13,0.0,21.6,91.0,100.0
2025-10-29 02:00:00,13,0.0,21.5,90.0,100.0
2025-10-29 03:00:00,8,0.0,21.3,90.0,95.0
2025-10-29 04:00:00,8,0.0,21.2,88.0,98.0
2025-10-29 05:00:00,8,0.0,20.7,90.0,90.0
2025-10-29 06:00:00,10,0.0,20.5,91.0,53.0
2025-10-29 07:00:00,8,0.0,22.0,83.0,91.0
2025-10-29 08:00:00,15,0.0,24.2,74.0,92.0
2025-10-29 09:00:00,15,0.0,25.6,66.0,98.0
2025-10-29 10:00:00,13,0.0,26.8,62.0,76.0
2025-10-29 11:00:00,13,0.0,27.7,58.0,69.0
2025-10-29 12:00:00,13,0.0,28.8,52.0,78.0
2025-10-29 13:00:00,23,0.0,28.3,54.0,77.0
2025-10-29 14:00:00,38,0.0,28.3,54.0,100.0
2025-10-29 15:00:00,43,0.0,27.4,57.0,100.0
2025-10-29 16:00:00,35,0.2,25.2,72.0,100.0
2025-10-29 17:00:00,35,0.3,24.6,77.0,100.0
2025-10-29 18:00:00,18,1.6,24.0,81.0,100.0
2025-10-29 19:00:00,8,1.7,23.4,86.0,100.0
2025-10-29 20:00:00,23,0.8,23.0,89.0,100.0
2025-10-29 21:00:00,30,0.3,22.8,90.0,100.0
2025-10-29 22:00:00,20,0.1,22.7,91.0,100.0
2025-10-29 23:00:00,10,0.1,22.5,93.0,100.0
2025-10-30 00:00:00,8,0.2,22.4,94.0,100.0
2025-10-30 01:00:00,8,0.0,22.0,95.0,100.0
2025-10-30 02:00:00,3,0.0,21.6,96.0,100.0
2025-10-30 03:00:00,3,0.0,21.3,95.0,100.0
2025-10-30 04:00:00,3,0.0,20.9,95.0,100.0
2025-10-30 05:00:00,3,0.0,20.7,94.0,97.0
2025-10-30 06:00:00,3,0.0,20.7,93.0,96.0
2025-10-30 07:00:00,5,0.0,22.4,82.0,91.0
2025-10-30 08:00:00,0,0.0,24.0,76.0,73.0
2025-10-30 09:00:00,0,0.0,25.4,72.0,63.0
2025-10-30 10:00:00,0,0.0,26.9,65.0,98.0
2025-10-30 11:00:00,3,0.0,28.0,60.0,100.0
2025-10-30 12:00:00,25,0.0,28.4,57.0,100.0
2025-10-30 13:00:00,33,0.0,28.4,58.0,100.0
2025-10-30 14:00:00,58,0.1,28.1,58.0,100.0
2025-10-30 15:00:00,73,0.6,26.5,71.0,100.0
2025-10-30 16:00:00,88,1.2,25.9,74.0,100.0
2025-10-30 17:00:00,88,1.8,25.1,79.0,100.0
2025-10-30 18:00:00,73,2.2,24.0,85.0,100.0
2025-10-30 19:00:00,55,0.4,23.4,87.0,100.0
2025-10-30 20:00:00,5,0.0,23.0,90.0,100.0
2025-10-30 21:00:00,3,0.0,22.5,92.0,100.0
2025-10-30 22:00:00,3,0.0,22.0,94.0,100.0
2025-10-30 23:00:00,0,0.0,21.5,95.0,100.0
2025-10-31 00:00:00,0,0.0,21.2,94.0,100.0
2025-10-31 01:00:00,0,0.0,21.2,92.0,100.0
2025-10-31 02:00:00,0,0.0,20.8,92.0,100.0
2025-10-31 03:00:00,0,0.0,20.6,92.0,100.0
2025-10-31 04:00:00,0,0.0,20.4,92.0,10.0
2025-10-31 05:00:00,0,0.0,20.2,93.0,3.0
2025-10-31 06:00:00,0,0.0,20.2,92.0,0.0
2025-10-31 07:00:00,0,0.0,21.7,84.0,2.0
2025-10-31 08:00:00,3,0.0,24.4,72.0,36.0
2025-10-31 09:00:00,8,0.0,26.2,67.0,76.0
2025-10-31 10:00:00,18,0.0,27.4,63.0,98.0
2025-10-31 11:00:00,25,0.1,28.3,59.0,100.0
2025-10-31 12:00:00,45,0.0,28.7,57.0,99.0
2025-10-31 13:00:00,53,0.0,28.7,55.0,100.0
2025-10-31 14:00:00,70,0.0,28.3,58.0,100.0
2025-10-31 15:00:00,80,0.0,27.2,64.0,100.0
2025-10-31 16:00:00,90,0.1,26.4,70.0,100.0
2025-10-31 17:00:00,93,0.1,25.6,73.0,100.0
2025-10-31 18:00:00,80,0.0,25.0,78.0,100.0
2025-10-31 19:00:00,75,0.1,23.9,84.0,100.0
2025-10-31 20:00:00,25,0.0,23.5,88.0,100.0
2025-10-31 21:00:00,13,0.0,23.1,91.0,100.0
2025-10-31 22:00:00,3,0.0,22.8,92.0,100.0
2025-10-31 23:00:00,3,0.0,22.3,94.0,100.0
2025-11-01 00:00:00,3,0.0,21.9,96.0,100.0
2025-11-01 01:00:00,0,0.0,21.8,96.0,100.0
2025-11-01 02:00:00,3,0.0,21.5,96.0,100.0
2025-11-01 03:00:00,0,0.0,21.2,97.0,100.0
2025-11-01 04:00:00,0,0.0,20.9,97.0,68.0
2025-11-01 05:00:00,0,0.0,20.6,97.0,100.0
2025-11-01 06:00:00,0,0.0,20.6,97.0,100.0
2025-11-01 07:00:00,0,0.0,22.0,90.0,100.0
2025-11-01 08:00:00,3,0.0,24.0,79.0,100.0
2025-11-01 09:00:00,3,0.0,25.6,71.0,100.0
2025-11-01 10:00:00,5,0.0,26.8,65.0,100.0
2025-11-01 11:00:00,20,0.0,27.6,63.0,98.0
2025-11-01 12:00:00,30,0.0,28.4,60.0,94.0
2025-11-01 13:00:00,43,0.0,29.1,55.0,100.0
2025-11-01 14:00:00,70,0.0,28.9,56.0,100.0
2025-11-01 15:00:00,80,0.1,28.4,59.0,100.0
2025-11-01 16:00:00,90,1.3,26.5,73.0,100.0
2025-11-01 17:00:00,90,2.1,25.6,78.0,100.0
2025-11-01 18:00:00,88,2.1,24.6,82.0,100.0
2025-11-01 19:00:00,83,1.5,24.7,81.0,100.0
2025-11-01 20:00:00,85,1.4,24.0,86.0,100.0
2025-11-01 21:00:00,63,1.5,23.4,90.0,100.0
2025-11-01 22:00:00,58,1.2,22.9,91.0,100.0
2025-11-01 23:00:00,50,0.6,22.6,91.0,100.0
2025-11-02 00:00:00,33,0.2,22.3,92.0,100.0
2025-11-02 01:00:00,25,0.0,22.0,92.0,100.0
2025-11-02 02:00:00,10,0.0,21.8,93.0,100.0
2025-11-02 03:00:00,8,0.0,21.8,93.0,100.0
2025-11-02 04:00:00,5,0.0,21.4,94.0,100.0
2025-11-02 05:00:00,8,0.0,21.0,97.0,92.0
2025-11-02 06:00:00,5,0.0,20.9,97.0,100.0
2025-11-02 07:00:00,10,0.0,22.6,89.0,100.0
2025-11-02 08:00:00,3,0.0,24.2,80.0,100.0
2025-11-02 09:00:00,28,0.0,26.0,71.0,100.0
2025-11-02 10:00:00,40,0.0,27.0,68.0,100.0
2025-11-02 11:00:00,48,0.1,27.3,68.0,100.0
2025-11-02 12:00:00,55,0.4,27.5,69.0,100.0
2025-11-02 13:00:00,68,0.4,28.2,63.0,100.0
2025-11-02 14:00:00,80,0.8,27.4,69.0,100.0
2025-11-02 15:00:00,90,1.8,27.1,72.0,100.0
2025-11-02 16:00:00,90,2.4,26.7,74.0,100.0
2025-11-02 17:00:00,85,2.1,26.1,75.0,100.0
2025-11-02 18:00:00,55,2.3,24.9,81.0,100.0
2025-11-02 19:00:00,40,1.0,24.1,85.0,100.0
2025-11-02 20:00:00,30,0.3,23.6,88.0,100.0
2025-11-02 21:00:00,13,0.0,23.3,90.0,100.0
2025-11-02 22:00:00,8,0.0,22.9,93.0,93.0
2025-11-02 23:00:00,5,0.0,22.6,95.0,100.0
2025-11-03 00:00:00,8,0.0,22.3,96.0,100.0
2025-11-03 01:00:00,8,0.0,22.2,95.0,100.0
2025-11-03 02:00:00,10,0.0,22.0,95.0,100.0
2025-11-03 03:00:00,10,0.0,21.8,95.0,100.0
2025-11-03 04:00:00,10,0.0,21.7,95.0,100.0
2025-11-03 05:00:00,5,0.0,21.3,97.0,100.0
2025-11-03 06:00:00,0,0.0,20.9,98.0,100.0
2025-11-03 07:00:00,0,0.0,22.6,89.0,100.0
2025-11-03 08:00:00,0,0.0,24.2,81.0,100.0
2025-11-03 09:00:00,5,0.0,25.9,71.0,100.0
2025-11-03 10:00:00,15,0.0,27.4,63.0,100.0
2025-11-03 11:00:00,33,0.0,28.6,56.0,79.0
2025-11-03 12:00:00,43,0.0,29.1,53.0,100.0
2025-11-03 13:00:00,75,0.0,28.9,57.0,100.0
2025-11-03 14:00:00,88,0.3,27.9,66.0,100.0
2025-11-03 15:00:00,95,1.1,26.7,71.0,100.0
2025-11-03 16:00:00,95,1.8,25.7,76.0,100.0
2025-11-03 17:00:00,88,1.8,25.1,80.0,100.0
2025-11-03 18:00:00,63,1.7,24.2,84.0,100.0
2025-11-03 19:00:00,35,1.2,23.7,86.0,100.0
2025-11-03 20:00:00,10,0.9,23.4,87.0,100.0
2025-11-03 21:00:00,5,0.1,23.3,88.0,100.0
2025-11-03 22:00:00,3,0.0,23.2,89.0,100.0
2025-11-03 23:00:00,3,0.0,23.0,90.0,100.0
2025-11-04 00:00:00,0,0.0,22.8,91.0,100.0
2025-11-04 01:00:00,0,0.0,22.4,91.0,89.0
2025-11-04 02:00:00,0,0.0,22.1,92.0,52.0
2025-11-04 03:00:00,0,0.0,21.7,93.0,83.0
2025-11-04 04:00:00,0,0.0,21.3,95.0,61.0
2025-11-04 05:00:00,0,0.0,20.6,98.0,100.0
2025-11-04 06:00:00,0,0.0,20.4,98.0,100.0
2025-11-04 07:00:00,0,0.0,22.1,87.0,100.0
2025-11-04 08:00:00,0,0.0,24.3,81.0,41.0
2025-11-04 09:00:00,0,0.0,26.4,67.0,76.0
2025-11-04 10:00:00,0,0.0,27.6,60.0,100.0
2025-11-04 11:00:00,0,0.0,28.8,54.0,100.0
2025-11-04 12:00:00,3,0.0,29.4,51.0,90.0
2025-11-04 13:00:00,18,0.0,29.6,50.0,100.0
2025-11-04 14:00:00,38,0.0,29.5,49.0,100.0
2025-11-04 15:00:00,55,0.2,27.5,62.0,100.0
2025-11-04 16:00:00,58,0.6,26.4,71.0,100.0
2025-11-04 17:00:00,53,0.6,26.0,74.0,100.0
2025-11-04 18:00:00,38,0.8,25.4,76.0,100.0
2025-11-04 19:00:00,28,0.3,25.1,78.0,100.0
2025-11-04 20:00:00,25,0.8,24.6,80.0,100.0
2025-11-04 21:00:00,15,0.9,24.0,84.0,100.0
2025-11-04 22:00:00,15,1.0,23.6,86.0,100.0
2025-11-04 23:00:00,15,0.3,23.0,90.0,100.0
2025-11-05 00:00:00,13,0.0,22.5,95.0,100.0
2025-11-05 01:00:00,5,0.0,22.0,96.0,100.0
2025-11-05 02:00:00,5,0.0,21.8,96.0,100.0
2025-11-05 03:00:00,0,0.0,21.7,96.0,100.0
2025-11-05 04:00:00,3,0.0,21.8,95.0,100.0
2025-11-05 05:00:00,0,0.0,21.8,93.0,100.0
2025-11-05 06:00:00,5,0.0,21.5,95.0,91.0
2025-11-05 07:00:00,5,0.0,22.6,88.0,100.0
2025-11-05 08:00:00,8,0.0,24.3,78.0,100.0
2025-11-05 09:00:00,10,0.0,26.0,66.0,100.0
2025-11-05 10:00:00,10,0.0,27.5,59.0,100.0
2025-11-05 11:00:00,10,0.0,28.5,54.0,100.0
2025-11-05 12:00:00,13,0.0,28.3,56.0,100.0
2025-11-05 13:00:00,15,0.1,27.5,59.0,100.0
2025-11-05 14:00:00,10,0.0,27.4,60.0,100.0
2025-11-05 15:00:00,8,0.1,26.8,64.0,100.0
2025-11-05 16:00:00,3,0.1,26.5,64.0,100.0
2025-11-05 17:00:00,3,0.0,26.3,62.0,100.0
2025-11-05 18:00:00,0,0.0,25.6,66.0,100.0
2025-11-05 19:00:00,0,0.0,24.8,72.0,100.0
2025-11-05 20:00:00,5,0.0,24.5,74.0,100.0
2025-11-05 21:00:00,5,0.0,24.2,75.0,100.0
2025-11-05 22:00:00,5,0.0,23.8,77.0,100.0
2025-11-05 23:00:00,3,0.0,23.4,80.0,100.0
2025-11-06 00:00:00,3,0.0,22.8,83.0,100.0
2025-11-06 01:00:00,0,0.0,22.8,77.0,100.0
2025-11-06 02:00:00,0,0.0,22.8,76.0,100.0
2025-11-06 03:00:00,0,0.0,22.5,77.0,100.0
2025-11-06 04:00:00,0,0.0,21.7,85.0,100.0
2025-11-06 05:00:00,3,0.0,21.2,89.0,100.0
2025-11-06 06:00:00,0,0.0,21.1,90.0,100.0
2025-11-06 07:00:00,0,0.0,22.4,83.0,92.0
2025-11-06 08:00:00,0,0.0,24.6,70.0,97.0
2025-11-06 09:00:00,0,0.0,26.2,63.0,96.0
2025-11-06 10:00:00,0,0.0,27.8,56.0,86.0
2025-11-06 11:00:00,0,0.0,28.9,51.0,89.0
2025-11-06 12:00:00,13,0.0,28.8,51.0,100.0
2025-11-06 13:00:00,28,0.0,27.8,57.0,100.0
2025-11-06 14:00:00,18,0.1,27.1,61.0,100.0
2025-11-06 15:00:00,23,0.1,26.7,63.0,100.0
2025-11-06 16:00:00,15,0.0,26.3,64.0,100.0
2025-11-06 17:00:00,20,0.0,25.8,67.0,100.0
2025-11-06 18:00:00,10,0.0,25.3,71.0,100.0
2025-11-06 19:00:00,5,0.0,25.0,69.0,100.0
2025-11-06 20:00:00,0,0.0,24.6,72.0,100.0
2025-11-06 21:00:00,0,0.0,24.0,77.0,100.0
2025-11-06 22:00:00,0,0.0,23.5,82.0,100.0
2025-11-06 23:00:00,0,0.0,23.1,84.0,100.0
2025-11-07 00:00:00,0,0.0,22.7,87.0,85.0
2025-11-07 01:00:00,0,0.0,22.5,85.0,87.0
2025-11-07 02:00:00,0,0.0,22.0,86.0,98.0
2025-11-07 03:00:00,3,0.0,21.5,88.0,96.0
2025-11-07 04:00:00,3,0.0,21.2,89.0,93.0
2025-11-07 05:00:00,3,0.0,20.7,91.0,97.0
2025-11-07 06:00:00,0,0.0,20.5,92.0,96.0
2025-11-07 07:00:00,0,0.0,22.1,87.0,76.0
2025-11-07 08:00:00,5,0.0,24.2,73.0,46.0
2025-11-07 09:00:00,0,0.0,25.7,66.0,58.0
2025-11-07 10:00:00,0,0.0,27.1,62.0,76.0
2025-11-07 11:00:00,0,0.0,28.1,58.0,83.0
2025-11-07 12:00:00,0,0.0,28.6,54.0,66.0
2025-11-07 13:00:00,18,0.0,29.5,51.0,100.0
2025-11-07 14:00:00,55,0.0,28.9,54.0,100.0
2025-11-07 15:00:00,88,0.7,26.9,69.0,100.0
2025-11-07 16:00:00,90,1.8,26.5,73.0,100.0
2025-11-07 17:00:00,83,3.0,25.4,77.0,100.0
2025-11-07 18:00:00,75,1.9,24.7,81.0,100.0
2025-11-07 19:00:00,58,1.6,24.8,79.0,100.0
2025-11-07 20:00:00,55,1.0,24.5,81.0,100.0
2025-11-07 21:00:00,50,1.7,23.8,85.0,100.0
2025-11-07 22:00:00,30,1.7,23.3,88.0,100.0
2025-11-07 23:00:00,33,1.5,23.0,88.0,100.0
2025-11-08 00:00:00,30,1.1,22.8,89.0,100.0
2025-11-08 01:00:00,28,0.4,22.6,92.0,100.0
2025-11-08 02:00:00,20,0.3,22.4,93.0,95.0
2025-11-08 03:00:00,10,0.4,22.2,93.0,92.0
2025-11-08 04:00:00,10,0.3,21.9,94.0,85.0
2025-11-08 05:00:00,3,0.2,21.9,94.0,83.0
2025-11-08 06:00:00,3,0.0,21.8,95.0,95.0
2025-11-08 07:00:00,3,0.0,22.5,91.0,80.0
2025-11-08 08:00:00,15,0.0,24.2,81.0,81.0
2025-11-08 09:00:00,25,0.0,25.8,73.0,86.0
2025-11-08 10:00:00,38,0.0,26.7,69.0,96.0
2025-11-08 11:00:00,48,0.0,27.2,67.0,100.0
2025-11-08 12:00:00,73,0.0,27.4,66.0,100.0
2025-11-08 13:00:00,55,0.3,25.9,72.0,100.0
2025-11-08 14:00:00,60,0.8,25.4,73.0,100.0
2025-11-08 15:00:00,50,0.3,25.5,70.0,100.0
2025-11-08 16:00:00,30,0.0,25.4,68.0,100.0
2025-11-08 17:00:00,20,0.0,24.9,70.0,100.0
2025-11-08 18:00:00,10,0.0,24.3,73.0,100.0
2025-11-08 19:00:00,8,0.0,23.6,78.0,100.0
2025-11-08 20:00:00,28,0.0,23.3,77.0,100.0
2025-11-08 21:00:00,33,0.0,23.1,78.0,100.0
2025-11-08 22:00:00,30,0.1,22.8,80.0,100.0
2025-11-08 23:00:00,18,0.1,22.4,83.0,100.0
2025-11-09 00:00:00,13,0.0,22.1,85.0,100.0
2025-11-09 01:00:00,3,0.0,21.9,84.0,100.0
2025-11-09 02:00:00,0,0.0,21.5,85.0,100.0
2025-11-09 03:00:00,0,0.0,21.0,89.0,100.0
2025-11-09 04:00:00,0,0.0,20.6,92.0,100.0
2025-11-09 05:00:00,0,0.0,20.2,94.0,100.0
2025-11-09 06:00:00,0,0.0,20.1,95.0,100.0
2025-11-09 07:00:00,0,0.0,21.6,86.0,100.0
2025-11-09 08:00:00,0,0.0,24.0,74.0,100.0
2025-11-09 09:00:00,0,0.0,25.7,65.0,100.0
2025-11-09 10:00:00,0,0.0,26.9,60.0,100.0
2025-11-09 11:00:00,0,0.0,28.0,56.0,100.0
2025-11-09 12:00:00,3,0.0,28.5,55.0,100.0
2025-11-09 13:00:00,20,0.0,29.2,52.0,100.0
2025-11-09 14:00:00,23,0.0,28.5,54.0,91.0
2025-11-09 15:00:00,38,0.0,27.3,63.0,75.0
2025-11-09 16:00:00,35,0.4,26.5,73.0,100.0
2025-11-09 17:00:00,25,2.1,25.3,78.0,100.0
2025-11-09 18:00:00,18,0.7,24.7,80.0,100.0
2025-11-09 19:00:00,15,0.0,24.3,82.0,100.0
2025-11-09 20:00:00,10,0.0,23.9,85.0,100.0
2025-11-09 21:00:00,5,0.0,23.5,86.0,100.0
2025-11-09 22:00:00,5,0.0,23.0,89.0,100.0
2025-11-09 23:00:00,3,0.0,22.6,91.0,100.0
2025-11-10 00:00:00,3,0.0,22.2,92.0,100.0
2025-11-10 01:00:00,0,0.0,22.0,93.0,100.0
2025-11-10 02:00:00,0,0.0,21.9,92.0,95.0
2025-11-10 03:00:00,3,0.0,21.6,93.0,73.0
2025-11-10 04:00:00,0,0.0,21.2,94.0,100.0
2025-11-10 05:00:00,0,0.0,20.8,95.0,100.0
2025-11-10 06:00:00,0,0.0,20.8,95.0,100.0
2025-11-10 07:00:00,0,0.0,22.2,89.0,100.0
2025-11-10 08:00:00,0,0.0,24.6,75.0,100.0
2025-11-10 09:00:00,0,0.0,26.7,62.0,100.0
2025-11-10 10:00:00,0,0.0,28.0,57.0,100.0
2025-11-10 11:00:00,0,0.0,28.4,56.0,100.0
2025-11-10 12:00:00,5,0.0,29.1,52.0,100.0
2025-11-10 13:00:00,5,0.0,29.3,51.0,100.0
2025-11-10 14:00:00,25,0.0,28.1,59.0,100.0
2025-11-10 15:00:00,38,0.2,26.9,70.0,100.0
2025-11-10 16:00:00,30,1.0,26.2,74.0,100.0
2025-11-10 17:00:00,25,1.4,25.2,79.0,100.0
2025-11-10 18:00:00,15,1.1,24.5,83.0,100.0
2025-11-10 19:00:00,10,0.0,24.3,85.0,100.0
2025-11-10 20:00:00,30,0.4,24.0,86.0,100.0
2025-11-10 21:00:00,23,0.2,24.0,86.0,100.0
2025-11-10 22:00:00,18,0.5,23.8,85.0,100.0
2025-11-10 23:00:00,8,0.5,23.5,86.0,100.0
2025-11-11 00:00:00,3,0.2,23.2,88.0,100.0
2025-11-11 01:00:00,0,0.0,22.8,91.0,80.0
2025-11-11 02:00:00,0,0.0,22.5,92.0,100.0
2025-11-11 03:00:00,0,0.0,22.1,93.0,100.0
2025-11-11 04:00:00,3,0.0,21.8,94.0,100.0
2025-11-11 05:00:00,0,0.0,21.6,95.0,100.0
2025-11-11 06:00:00,0,0.0,21.4,96.0,100.0
2025-11-11 07:00:00,0,0.0,22.7,88.0,100.0
2025-11-11 08:00:00,3,0.0,24.4,77.0,100.0
2025-11-11 09:00:00,3,0.0,26.1,67.0,100.0
2025-11-11 10:00:00,5,0.0,27.6,60.0,100.0
2025-11-11 11:00:00,20,0.0,28.4,57.0,100.0
2025-11-11 12:00:00,43,0.1,27.2,63.0,100.0
2025-11-11 13:00:00,58,0.1,27.8,63.0,100.0
2025-11-11 14:00:00,58,0.2,27.3,66.0,100.0
2025-11-11 15:00:00,65,1.6,26.3,73.0,100.0
2025-11-11 16:00:00,55,1.3,25.3,78.0,100.0
2025-11-11 17:00:00,30,1.9,24.4,84.0,100.0
2025-11-11 18:00:00,28,2.4,23.7,87.0,100.0
2025-11-11 19:00:00,20,0.2,23.4,87.0,100.0
2025-11-11 20:00:00,38,0.1,23.1,87.0,100.0
2025-11-11 21:00:00,38,0.0,23.0,87.0,100.0
2025-11-11 22:00:00,25,0.0,22.6,90.0,100.0
2025-11-11 23:00:00,15,0.0,22.4,92.0,100.0
2025-11-12 00:00:00,10,0.0,22.1,93.0,100.0
2025-11-12 01:00:00,8,0.0,21.4,95.0,100.0
2025-11-12 02:00:00,3,0.0,21.3,95.0,100.0
2025-11-12 03:00:00,3,0.0,21.0,95.0,100.0
2025-11-12 04:00:00,0,0.0,20.9,95.0,100.0
2025-11-12 05:00:00,0,0.0,20.7,97.0,100.0
2025-11-12 06:00:00,5,0.0,20.5,98.0,100.0
2025-11-12 07:00:00,5,0.0,21.9,88.0,100.0
2025-11-12 08:00:00,0,0.0,23.6,77.0,100.0
2025-11-12 09:00:00,0,0.0,24.8,69.0,100.0
2025-11-12 10:00:00,5,0.0,26.0,63.0,100.0
2025-11-12 11:00:00,13,0.0,26.9,60.0,100.0
2025-11-12 12:00:00,23,0.0,27.4,57.0,100.0
2025-11-12 13:00:00,43,0.5,26.2,68.0,100.0
2025-11-12 14:00:00,48,0.3,26.0,70.0,100.0
2025-11-12 15:00:00,40,0.8,25.5,73.0,100.0
2025-11-12 16:00:00,35,1.0,25.1,75.0,100.0
2025-11-12 17:00:00,33,0.7,24.6,78.0,100.0
2025-11-12 18:00:00,33,1.2,24.1,83.0,100.0
2025-11-12 19:00:00,33,1.6,23.7,84.0,100.0
2025-11-12 20:00:00,13,0.4,23.1,90.0,100.0
2025-11-12 21:00:00,23,0.0,22.8,92.0,100.0
2025-11-12 22:00:00,33,0.0,22.6,94.0,100.0
2025-11-12 23:00:00,35,0.1,22.3,94.0,100.0
2025-11-13 00:00:00,35,0.8,21.9,95.0,100.0
2025-11-13 01:00:00,40,2.0,22.0,93.0,100.0
2025-11-13 02:00:00,38,0.4,21.9,94.0,100.0
2025-11-13 03:00:00,33,0.2,21.9,94.0,100.0
2025-11-13 04:00:00,25,0.0,21.8,94.0,100.0
2025-11-13 05:00:00,13,0.0,21.5,97.0,100.0
2025-11-13 06:00:00,10,0.0,21.3,99.0,100.0
2025-11-13 07:00:00,8,0.0,22.4,88.0,100.0
2025-11-13 08:00:00,5,0.0,23.7,80.0,100.0
2025-11-13 09:00:00,5,0.0,25.4,71.0,90.0
2025-11-13 10:00:00,5,0.0,26.0,68.0,100.0
2025-11-13 11:00:00,5,0.0,26.7,64.0,100.0
2025-11-13 12:00:00,15,0.0,27.5,59.0,100.0
2025-11-13 13:00:00,15,0.0,26.0,67.0,100.0
2025-11-13 14:00:00,18,0.1,25.9,67.0,100.0
2025-11-13 15:00:00,23,0.1,25.5,69.0,100.0
2025-11-13 16:00:00,23,0.2,24.9,74.0,100.0
2025-11-13 17:00:00,18,0.0,24.5,76.0,100.0
2025-11-13 18:00:00,13,0.0,24.1,79.0,100.0
2025-11-13 19:00:00,13,0.0,23.9,79.0,100.0
2025-11-13 20:00:00,5,0.0,23.5,81.0,100.0
2025-11-13 21:00:00,0,0.0,23.1,83.0,100.0
2025-11-13 22:00:00,0,0.0,22.6,85.0,100.0
2025-11-13 23:00:00,3,0.0,22.0,88.0,100.0
2025-11-14 00:00:00,0,0.0,21.5,90.0,96.0
2025-11-14 01:00:00,0,0.0,21.4,87.0,90.0
2025-11-14 02:00:00,0,0.0,21.0,88.0,84.0
2025-11-14 03:00:00,0,0.0,20.4,90.0,74.0
2025-11-14 04:00:00,0,0.0,20.2,90.0,61.0
2025-11-14 05:00:00,0,0.0,20.1,90.0,56.0
2025-11-14 06:00:00,3,0.0,20.0,91.0,75.0
2025-11-14 07:00:00,3,0.0,21.7,81.0,100.0
2025-11-14 08:00:00,10,0.0,24.2,71.0,100.0
2025-11-14 09:00:00,5,0.0,26.4,63.0,70.0
2025-11-14 10:00:00,0,0.0,27.5,57.0,90.0
2025-11-14 11:00:00,8,0.0,27.8,56.0,100.0
2025-11-14 12:00:00,10,0.0,28.1,54.0,100.0
2025-11-14 13:00:00,15,0.0,27.2,59.0,100.0
2025-11-14 14:00:00,18,0.0,26.6,63.0,100.0
2025-11-14 15:00:00,23,0.0,25.7,69.0,100.0
2025-11-14 16:00:00,25,0.0,25.1,71.0,100.0
2025-11-14 17:00:00,15,0.0,24.7,74.0,100.0
2025-11-14 18:00:00,10,0.0,24.2,78.0,100.0
2025-11-14 19:00:00,3,0.0,23.7,81.0,100.0
2025-11-14 20:00:00,8,0.0,23.4,83.0,100.0
2025-11-14 21:00:00,3,0.0,23.1,84.0,100.0
2025-11-14 22:00:00,3,0.0,22.8,85.0,80.0
2025-11-14 23:00:00,0,0.0,22.3,87.0,86.0
2025-11-15 00:00:00,0,0.0,22.0,88.0,84.0
2025-11-15 01:00:00,0,0.0,22.3,86.0,82.0
2025-11-15 02:00:00,0,0.0,21.9,85.0,62.0
2025-11-15 03:00:00,0,0.0,21.4,86.0,50.0
2025-11-15 04:00:00,0,0.0,21.0,87.0,44.0
2025-11-15 05:00:00,0,0.0,20.7,88.0,9.0
2025-11-15 06:00:00,0,0.0,20.6,89.0,10.0
2025-11-15 07:00:00,0,0.0,22.9,78.0,0.0
2025-11-15 08:00:00,0,0.0,25.5,66.0,61.0
2025-11-15 09:00:00,0,0.0,27.0,61.0,100.0
2025-11-15 10:00:00,0,0.0,27.8,58.0,100.0
2025-11-15 11:00:00,3,0.0,28.3,55.0,100.0
2025-11-15 12:00:00,13,0.0,28.9,53.0,100.0
2025-11-15 13:00:00,18,0.0,28.3,59.0,87.0
2025-11-15 14:00:00,35,0.1,28.1,62.0,100.0
2025-11-15 15:00:00,45,0.4,27.1,68.0,100.0
2025-11-15 16:00:00,48,1.4,25.7,75.0,100.0
2025-11-15 17:00:00,43,1.2,24.8,80.0,100.0
2025-11-15 18:00:00,38,1.2,24.1,84.0,100.0
2025-11-15 19:00:00,23,0.3,24.5,83.0,100.0
2025-11-15 20:00:00,25,0.0,24.1,85.0,100.0
2025-11-15 21:00:00,10,0.0,23.6,88.0,100.0
2025-11-15 22:00:00,5,0.0,22.9,91.0,100.0
2025-11-15 23:00:00,0,0.0,22.3,93.0,100.0
2025-11-16 00:00:00,0,0.0,21.9,93.0,73.0
2025-11-16 01:00:00,0,0.0,21.9,90.0,86.0
2025-11-16 02:00:00,0,0.0,21.7,89.0,100.0
2025-11-16 03:00:00,0,0.0,21.5,87.0,100.0
2025-11-16 04:00:00,0,0.0,21.3,87.0,100.0
2025-11-16 05:00:00,0,0.0,21.1,87.0,100.0
2025-11-16 06:00:00,0,0.0,20.9,87.0,100.0
2025-11-16 07:00:00,0,0.0,23.5,72.0,50.0
2025-11-16 08:00:00,0,0.0,26.3,59.0,64.0
2025-11-16 09:00:00,0,0.0,27.7,57.0,100.0
2025-11-16 10:00:00,0,0.0,28.6,54.0,100.0
2025-11-16 11:00:00,5,0.0,28.5,55.0,93.0
2025-11-16 12:00:00,10,0.0,29.0,53.0,100.0
2025-11-16 13:00:00,15,0.1,28.6,55.0,100.0
2025-11-16 14:00:00,20,0.1,28.4,57.0,100.0
2025-11-16 15:00:00,23,0.0,27.9,57.0,100.0
2025-11-16 16:00:00,23,0.0,27.2,60.0,100.0
2025-11-16 17:00:00,20,0.0,26.3,65.0,100.0
2025-11-16 18:00:00,15,0.0,25.6,69.0,100.0
2025-11-16 19:00:00,10,0.0,25.0,71.0,100.0
2025-11-16 20:00:00,0,0.0,24.6,73.0,100.0
2025-11-16 21:00:00,0,0.0,24.4,75.0,100.0
2025-11-16 22:00:00,0,0.0,23.9,77.0,100.0
2025-11-16 23:00:00,3,0.0,23.3,80.0,100.0
2025-11-17 00:00:00,0,0.0,22.8,82.0,100.0
2025-11-17 01:00:00,0,0.0,22.3,84.0,100.0
2025-11-17 02:00:00,3,0.0,21.9,85.0,100.0
2025-11-17 03:00:00,3,0.0,21.6,85.0,100.0
2025-11-17 04:00:00,3,0.0,21.4,86.0,84.0
2025-11-17 05:00:00,0,0.0,21.2,87.0,86.0
2025-11-17 06:00:00,3,0.0,21.0,88.0,100.0
2025-11-17 07:00:00,0,0.0,22.8,81.0,55.0
2025-11-17 08:00:00,3,0.0,25.2,67.0,51.0
2025-11-17 09:00:00,3,0.0,26.9,60.0,63.0
2025-11-17 10:00:00,5,0.0,27.9,58.0,76.0
2025-11-17 11:00:00,5,0.0,29.0,56.0,85.0
2025-11-17 12:00:00,20,0.1,28.8,56.0,100.0
2025-11-17 13:00:00,30,0.2,27.6,61.0,100.0
2025-11-17 14:00:00,53,0.1,26.8,66.0,100.0
2025-11-17 15:00:00,53,0.0,26.7,65.0,100.0
2025-11-17 16:00:00,43,0.0,26.5,66.0,100.0
2025-11-17 17:00:00,30,0.0,25.9,68.0,100.0
2025-11-17 18:00:00,15,0.0,25.1,72.0,100.0
2025-11-17 19:00:00,3,0.0,24.2,78.0,100.0
2025-11-17 20:00:00,0,0.0,23.8,81.0,100.0
2025-11-17 21:00:00,0,0.0,23.4,83.0,100.0
2025-11-17 22:00:00,0,0.0,23.1,84.0,100.0
2025-11-17 23:00:00,0,0.0,22.6,87.0,100.0
2025-11-18 00:00:00,0,0.0,22.3,89.0,100.0
2025-11-18 01:00:00,0,0.0,21.7,88.0,100.0
2025-11-18 02:00:00,0,0.0,21.4,88.0,100.0
2025-11-18 03:00:00,0,0.0,21.0,90.0,100.0
2025-11-18 04:00:00,0,0.0,20.5,92.0,43.0
2025-11-18 05:00:00,0,0.0,20.0,93.0,55.0
2025-11-18 06:00:00,0,0.0,19.9,91.0,38.0
2025-11-18 07:00:00,3,0.0,22.5,85.0,30.0
2025-11-18 08:00:00,3,0.0,25.3,65.0,32.0
2025-11-18 09:00:00,3,0.0,27.0,57.0,35.0
2025-11-18 10:00:00,5,0.0,28.0,53.0,39.0
2025-11-18 11:00:00,18,0.0,28.5,51.0,86.0
2025-11-18 12:00:00,23,0.0,29.0,51.0,99.0
2025-11-18 13:00:00,45,0.0,27.5,59.0,100.0
2025-11-18 14:00:00,58,0.0,27.6,60.0,100.0
2025-11-18 15:00:00,70,0.0,26.2,68.0,100.0
2025-11-18 16:00:00,85,0.0,25.4,73.0,100.0
2025-11-18 17:00:00,80,0.0,24.8,75.0,100.0
2025-11-18 18:00:00,68,0.0,24.1,80.0,100.0
2025-11-18 19:00:00,58,0.0,23.3,84.0,100.0
2025-11-18 20:00:00,0,0.0,22.9,88.0,100.0
2025-11-18 21:00:00,0,0.0,22.6,89.0,100.0
2025-11-18 22:00:00,3,0.0,22.4,90.0,100.0
2025-11-18 23:00:00,0,0.0,21.9,92.0,75.0
2025-11-19 00:00:00,3,0.0,21.3,95.0,43.0
2025-11-19 01:00:00,0,0.0,20.2,100.0,94.0
2025-11-19 02:00:00,3,0.0,20.0,100.0,87.0
2025-11-19 03:00:00,0,0.0,19.9,100.0,93.0
2025-11-19 04:00:00,0,0.0,19.7,100.0,96.0
2025-11-19 05:00:00,0,0.0,19.4,100.0,100.0
2025-11-19 06:00:00,0,0.0,19.5,98.0,100.0
2025-11-19 07:00:00,0,0.0,21.5,91.0,100.0
2025-11-19 08:00:00,0,0.0,23.8,79.0,73.0
2025-11-19 09:00:00,3,0.0,25.9,69.0,54.0
2025-11-19 10:00:00,5,0.0,27.2,63.0,55.0
2025-11-19 11:00:00,15,0.0,28.2,58.0,49.0
2025-11-19 12:00:00,38,0.0,28.6,55.0,55.0
2025-11-19 13:00:00,63,0.0,28.5,56.0,100.0
2025-11-19 14:00:00,78,0.0,27.5,62.0,100.0
2025-11-19 15:00:00,85,0.1,26.6,70.0,100.0
2025-11-19 16:00:00,93,1.0,25.4,76.0,100.0
2025-11-19 17:00:00,85,0.1,24.9,79.0,100.0
2025-11-19 18:00:00,75,1.1,24.2,84.0,100.0
2025-11-19 19:00:00,58,1.8,23.4,87.0,100.0
2025-11-19 20:00:00,13,0.6,23.3,89.0,100.0
2025-11-19 21:00:00,0,0.0,23.2,90.0,100.0
2025-11-19 22:00:00,0,0.0,22.9,91.0,100.0
2025-11-19 23:00:00,0,0.0,22.4,94.0,100.0
2025-11-20 00:00:00,0,0.0,22.0,96.0,100.0
2025-11-20 01:00:00,3,0.0,21.6,99.0,100.0
2025-11-20 02:00:00,3,0.0,21.3,100.0,100.0
2025-11-20 03:00:00,0,0.0,21.2,100.0,100.0
2025-11-20 04:00:00,0,0.0,21.1,100.0,100.0
2025-11-20 05:00:00,0,0.0,21.0,99.0,100.0
2025-11-20 06:00:00,0,0.0,20.8,100.0,92.0
2025-11-20 07:00:00,0,0.0,22.0,94.0,90.0
2025-11-20 08:00:00,0,0.0,24.3,81.0,47.0
2025-11-20 09:00:00,0,0.0,26.5,66.0,72.0
2025-11-20 10:00:00,10,0.0,27.3,60.0,79.0
2025-11-20 11:00:00,30,0.0,27.9,56.0,65.0
2025-11-20 12:00:00,50,0.0,28.4,55.0,73.0
2025-11-20 13:00:00,60,0.0,28.5,61.0,100.0
2025-11-20 14:00:00,63,0.1,26.8,69.0,100.0
2025-11-20 15:00:00,70,0.1,26.1,71.0,100.0
2025-11-20 16:00:00,53,0.0,25.6,73.0,100.0
2025-11-20 17:00:00,40,0.0,25.2,75.0,100.0
2025-11-20 18:00:00,35,0.0,24.4,80.0,100.0
2025-11-20 19:00:00,28,0.0,23.5,85.0,100.0
2025-11-20 20:00:00,20,0.0,23.2,88.0,98.0
2025-11-20 21:00:00,15,0.0,23.0,89.0,91.0
2025-11-20 22:00:00,18,0.0,22.9,90.0,79.0
2025-11-20 23:00:00,15,0.0,22.7,90.0,85.0
2025-11-21 00:00:00,13,0.0,22.6,91.0,93.0
2025-11-21 01:00:00,5,0.0,22.1,91.0,99.0
2025-11-21 02:00:00,5,0.0,21.8,92.0,100.0
2025-11-21 03:00:00,3,0.0,21.7,92.0,100.0
2025-11-21 04:00:00,0,0.0,21.8,91.0,100.0
2025-11-21 05:00:00,3,0.0,21.6,90.0,90.0
2025-11-21 06:00:00,0,0.0,21.4,92.0,95.0
2025-11-21 07:00:00,0,0.0,22.6,85.0,100.0
2025-11-21 08:00:00,10,0.0,24.6,77.0,100.0
2025-11-21 09:00:00,18,0.0,25.6,66.0,100.0
2025-11-21 10:00:00,8,0.0,26.6,63.0,100.0
2025-11-21 11:00:00,5,0.0,27.8,58.0,100.0
2025-11-21 12:00:00,8,0.0,28.7,54.0,100.0
2025-11-21 13:00:00,10,0.0,28.4,53.0,100.0
2025-11-21 14:00:00,3,0.0,28.4,53.0,100.0
2025-11-21 15:00:00,0,0.0,27.9,55.0,100.0
2025-11-21 16:00:00,0,0.0,27.7,56.0,100.0
2025-11-21 17:00:00,0,0.0,27.0,59.0,100.0
2025-11-21 18:00:00,0,0.0,25.8,66.0,100.0
2025-11-21 19:00:00,0,0.0,25.2,66.0,100.0
2025-11-21 20:00:00,0,0.0,24.5,69.0,100.0
2025-11-21 21:00:00,0,0.0,23.7,72.0,100.0
2025-11-21 22:00:00,0,0.0,23.5,73.0,100.0
2025-11-21 23:00:00,3,0.0,23.3,72.0,100.0
2025-11-22 00:00:00,3,0.0,22.9,73.0,100.0
2025-11-22 01:00:00,5,0.0,22.5,73.0,100.0
2025-11-22 02:00:00,5,0.0,22.0,76.0,100.0
2025-11-22 03:00:00,3,0.0,21.5,79.0,100.0
2025-11-22 04:00:00,5,0.0,20.8,84.0,93.0
2025-11-22 05:00:00,0,0.0,20.5,87.0,91.0
2025-11-22 06:00:00,0,0.0,20.4,88.0,82.0
2025-11-22 07:00:00,0,0.0,21.9,82.0,56.0
2025-11-22 08:00:00,0,0.0,24.1,70.0,80.0
2025-11-22 09:00:00,0,0.0,25.5,62.0,80.0
2025-11-22 10:00:00,0,0.0,26.8,60.0,59.0
2025-11-22 11:00:00,8,0.0,28.1,53.0,47.0
2025-11-22 12:00:00,13,0.0,28.6,51.0,100.0
2025-11-22 13:00:00,30,0.0,28.5,50.0,100.0
2025-11-22 14:00:00,48,0.0,28.1,52.0,100.0
2025-11-22 15:00:00,58,0.2,26.2,67.0,100.0
2025-11-22 16:00:00,78,0.1,26.1,68.0,100.0
2025-11-22 17:00:00,73,0.0,25.9,68.0,100.0
2025-11-22 18:00:00,63,0.0,25.4,70.0,100.0
2025-11-22 19:00:00,58,0.0,24.3,79.0,100.0
2025-11-22 20:00:00,33,0.0,23.7,84.0,100.0
2025-11-22 21:00:00,18,0.0,23.2,89.0,100.0
2025-11-22 22:00:00,10,0.0,22.9,91.0,92.0
2025-11-22 23:00:00,3,0.0,22.6,93.0,97.0
2025-11-23 00:00:00,3,0.0,22.1,95.0,97.0
2025-11-23 01:00:00,8,0.0,21.6,96.0,93.0
2025-11-23 02:00:00,8,0.0,21.4,97.0,93.0
2025-11-23 03:00:00,10,0.0,21.4,97.0,96.0
2025-11-23 04:00:00,15,0.0,21.3,97.0,97.0
2025-11-23 05:00:00,15,0.0,21.0,98.0,98.0
2025-11-23 06:00:00,15,0.0,20.9,98.0,97.0
2025-11-23 07:00:00,10,0.0,22.4,92.0,91.0
2025-11-23 08:00:00,18,0.0,23.9,82.0,91.0
2025-11-23 09:00:00,30,0.0,25.3,74.0,88.0
2025-11-23 10:00:00,28,0.0,26.3,69.0,100.0
2025-11-23 11:00:00,38,0.0,26.7,68.0,100.0
2025-11-23 12:00:00,55,0.0,26.7,69.0,100.0
2025-11-23 13:00:00,70,0.3,26.5,70.0,100.0
2025-11-23 14:00:00,85,0.1,26.3,72.0,100.0
2025-11-23 15:00:00,83,0.4,25.7,75.0,100.0
2025-11-23 16:00:00,65,0.3,25.3,76.0,100.0
2025-11-23 17:00:00,48,0.4,24.7,78.0,100.0
2025-11-23 18:00:00,25,0.4,24.2,81.0,100.0
2025-11-23 19:00:00,8,0.2,23.8,83.0,100.0
2025-11-23 20:00:00,3,0.2,23.5,84.0,100.0
2025-11-23 21:00:00,5,0.2,23.2,87.0,100.0
2025-11-23 22:00:00,3,0.2,22.9,88.0,100.0
2025-11-23 23:00:00,0,0.3,22.5,90.0,100.0
2025-11-24 00:00:00,0,0.0,22.3,92.0,100.0
2025-11-24 01:00:00,3,0.0,22.3,90.0,100.0
2025-11-24 02:00:00,3,0.0,22.0,90.0,100.0
2025-11-24 03:00:00,3,0.0,21.9,89.0,100.0
2025-11-24 04:00:00,8,0.0,21.8,88.0,94.0
2025-11-24 05:00:00,5,0.0,21.7,88.0,82.0
2025-11-24 06:00:00,5,0.0,21.4,90.0,77.0
2025-11-24 07:00:00,5,0.0,22.5,78.0,95.0
2025-11-24 08:00:00,8,0.0,24.4,68.0,99.0
2025-11-24 09:00:00,10,0.0,26.4,59.0,50.0
2025-11-24 10:00:00,10,0.0,28.2,53.0,64.0
2025-11-24 11:00:00,8,0.0,29.2,52.0,100.0
2025-11-24 12:00:00,3,0.0,29.4,51.0,100.0
2025-11-24 13:00:00,0,0.0,28.7,55.0,100.0
2025-11-24 14:00:00,3,0.0,29.1,53.0,100.0
2025-11-24 15:00:00,5,0.2,28.0,58.0,100.0
2025-11-24 16:00:00,10,0.1,27.3,62.0,100.0
2025-11-24 17:00:00,0,0.0,26.8,64.0,100.0
2025-11-24 18:00:00,0,0.0,26.2,67.0,100.0
2025-11-24 19:00:00,0,0.0,25.2,72.0,100.0
2025-11-24 20:00:00,0,0.0,24.7,74.0,100.0
2025-11-24 21:00:00,0,0.0,23.7,81.0,92.0
2025-11-24 22:00:00,0,0.0,22.9,86.0,68.0
2025-11-24 23:00:00,0,0.0,22.1,90.0,85.0
2025-11-25 00:00:00,0,0.0,21.3,93.0,77.0
2025-11-25 01:00:00,0,0.0,21.1,89.0,73.0
2025-11-25 02:00:00,0,0.0,20.9,89.0,75.0
2025-11-25 03:00:00,0,0.0,20.7,89.0,81.0
2025-11-25 04:00:00,0,0.0,20.2,90.0,62.0
2025-11-25 05:00:00,0,0.0,19.6,91.0,64.0
2025-11-25 06:00:00,0,0.0,19.1,92.0,78.0
2025-11-25 07:00:00,0,0.0,20.9,86.0,80.0
2025-11-25 08:00:00,0,0.0,24.3,64.0,45.0
2025-11-25 09:00:00,0,0.0,26.4,54.0,73.0
2025-11-25 10:00:00,0,0.0,28.1,47.0,100.0
2025-11-25 11:00:00,0,0.0,29.2,44.0,100.0
2025-11-25 12:00:00,0,0.0,29.7,46.0,100.0
2025-11-25 13:00:00,0,0.0,29.7,49.0,100.0
2025-11-25 14:00:00,0,0.0,29.8,48.0,100.0
2025-11-25 15:00:00,0,0.0,29.8,47.0,64.0
2025-11-25 16:00:00,0,0.0,29.5,47.0,27.0
2025-11-25 17:00:00,0,0.0,28.6,51.0,4.0
2025-11-25 18:00:00,0,0.0,27.1,57.0,7.0
2025-11-25 19:00:00,0,0.0,25.5,66.0,4.0
2025-11-25 20:00:00,0,0.0,24.4,74.0,9.0
2025-11-25 21:00:00,0,0.0,23.5,80.0,16.0
2025-11-25 22:00:00,0,0.0,22.9,83.0,28.0
2025-11-25 23:00:00,0,0.0,22.1,86.0,47.0
2025-11-26 00:00:00,0,0.0,21.1,89.0,33.0
2025-11-26 01:00:00,0,0.0,20.7,90.0,48.0
2025-11-26 02:00:00,0,0.0,20.5,89.0,24.0
2025-11-26 03:00:00,0,0.0,20.2,89.0,24.0
2025-11-26 04:00:00,0,0.0,20.2,88.0,22.0
2025-11-26 05:00:00,0,0.0,20.2,88.0,42.0
2025-11-26 06:00:00,0,0.0,20.4,87.0,20.0
2025-11-26 07:00:00,0,0.0,21.6,80.0,73.0
2025-11-26 08:00:00,0,0.0,23.8,74.0,100.0
2025-11-26 09:00:00,0,0.0,26.0,62.0,100.0
2025-11-26 10:00:00,3,0.0,27.5,53.0,100.0
2025-11-26 11:00:00,3,0.0,28.4,49.0,100.0
2025-11-26 12:00:00,3,0.0,28.9,47.0,100.0
2025-11-26 13:00:00,5,0.0,29.0,49.0,100.0
2025-11-26 14:00:00,8,0.0,28.5,52.0,100.0
2025-11-26 15:00:00,15,0.0,28.3,54.0,100.0
2025-11-26 16:00:00,20,0.1,27.3,60.0,100.0
2025-11-26 17:00:00,15,0.0,26.4,65.0,100.0
2025-11-26 18:00:00,18,0.0,25.6,69.0,100.0
2025-11-26 19:00:00,13,0.0,25.1,73.0,100.0
2025-11-26 20:00:00,13,0.0,24.9,74.0,100.0
2025-11-26 21:00:00,13,0.0,24.2,79.0,100.0
2025-11-26 22:00:00,13,0.0,23.6,85.0,100.0
2025-11-26 23:00:00,11,0.0,23.3,87.0,100.0
2025-11-27 00:00:00,8,0.0,23.0,88.0,100.0
2025-11-27 01:00:00,5,0.0,22.7,91.0,100.0
2025-11-27 02:00:00,3,0.0,22.3,94.0,100.0
2025-11-27 03:00:00,1,0.0,22.2,94.0,100.0
2025-11-27 04:00:00,0,0.0,22.0,94.0,100.0
2025-11-27 05:00:00,0,0.0,21.6,95.0,95.0
2025-11-27 06:00:00,0,0.0,21.3,96.0,98.0
2025-11-27 07:00:00,0,0.0,22.6,88.0,73.0
2025-11-27 08:00:00,1,0.0,24.4,78.0,62.0
2025-11-27 09:00:00,2,0.0,26.1,70.0,90.0
2025-11-27 10:00:00,3,0.0,27.3,63.0,100.0
2025-11-27 11:00:00,3,0.0,28.3,57.0,100.0
2025-11-27 12:00:00,2,0.0,28.7,55.0,100.0
2025-11-27 13:00:00,5,0.0,28.8,53.0,100.0
2025-11-27 14:00:00,14,0.1,27.2,63.0,100.0
2025-11-27 15:00:00,26,0.1,26.7,67.0,100.0
2025-11-27 16:00:00,35,0.1,26.7,68.0,100.0
2025-11-27 17:00:00,30,0.8,26.1,74.0,100.0
2025-11-27 18:00:00,35,2.3,25.4,77.0,100.0
2025-11-27 19:00:00,38,2.7,24.6,80.0,100.0
2025-11-27 20:00:00,37,2.6,24.1,83.0,100.0
2025-11-27 21:00:00,34,2.0,23.7,85.0,100.0
2025-11-27 22:00:00,29,1.5,23.3,87.0,100.0
2025-11-27 23:00:00,24,0.4,23.0,88.0,100.0
2025-11-28 00:00:00,19,0.4,22.8,88.0,100.0
2025-11-28 01:00:00,15,0.0,22.7,89.0,100.0
2025-11-28 02:00:00,12,0.0,22.6,90.0,100.0
2025-11-28 03:00:00,10,0.0,22.4,91.0,100.0
2025-11-28 04:00:00,7,0.0,22.2,93.0,100.0
2025-11-28 05:00:00,6,0.0,22.0,93.0,100.0
2025-11-28 06:00:00,4,0.0,22.0,93.0,100.0
2025-11-28 07:00:00,3,0.0,22.7,89.0,100.0
2025-11-28 08:00:00,2,0.0,23.7,83.0,100.0
2025-11-28 09:00:00,2,0.0,24.9,76.0,100.0
2025-11-28 10:00:00,1,0.0,25.9,70.0,100.0
2025-11-28 11:00:00,2,0.1,26.6,67.0,100.0
2025-11-28 12:00:00,3,0.1,27.0,65.0,100.0
2025-11-28 13:00:00,5,0.1,27.2,65.0,100.0
2025-11-28 14:00:00,9,0.1,26.9,68.0,100.0
2025-11-28 15:00:00,15,0.1,26.3,72.0,100.0
2025-11-28 16:00:00,22,0.1,25.7,76.0,100.0
2025-11-28 17:00:00,28,1.5,25.1,79.0,100.0
2025-11-28 18:00:00,33,1.5,24.5,82.0,100.0
2025-11-28 19:00:00,35,1.5,24.0,84.0,100.0
2025-11-28 20:00:00,34,1.7,23.6,86.0,100.0
2025-11-28 21:00:00,30,1.7,23.3,87.0,100.0
2025-11-28 22:00:00,25,1.7,23.0,88.0,100.0
2025-11-28 23:00:00,19,0.1,22.8,89.0,100.0
2025-11-29 00:00:00,14,0.1,22.7,90.0,100.0
2025-11-29 01:00:00,10,0.1,22.6,91.0,100.0
2025-11-29 02:00:00,7,0.0,22.5,91.0,100.0
2025-11-29 03:00:00,5,0.0,22.3,92.0,100.0
2025-11-29 04:00:00,3,0.0,22.3,91.0,100.0
2025-11-29 05:00:00,1,0.0,22.3,90.0,100.0
2025-11-29 06:00:00,0,0.0,22.4,88.0,100.0
2025-11-29 07:00:00,0,0.0,22.9,85.0,100.0
2025-11-29 08:00:00,0,0.0,24.1,79.0,100.0
2025-11-29 09:00:00,1,0.0,25.6,72.0,99.0
2025-11-29 10:00:00,3,0.0,26.7,67.0,99.0
2025-11-29 11:00:00,5,0.1,27.0,67.0,99.0
2025-11-29 12:00:00,8,0.1,26.9,70.0,100.0
2025-11-29 13:00:00,13,0.1,26.7,72.0,100.0
2025-11-29 14:00:00,40,0.5,26.6,73.0,100.0
2025-11-29 15:00:00,47,0.5,26.4,73.0,100.0
2025-11-29 16:00:00,53,0.5,26.1,75.0,100.0
2025-11-29 17:00:00,59,1.7,25.4,79.0,100.0
2025-11-29 18:00:00,63,1.7,24.4,83.0,100.0
2025-11-29 19:00:00,65,1.7,23.7,87.0,100.0
2025-11-29 20:00:00,65,0.5,23.4,89.0,100.0
2025-11-29 21:00:00,64,0.5,23.2,90.0,100.0
2025-11-29 22:00:00,62,0.5,23.0,91.0,100.0
2025-11-29 23:00:00,58,0.0,22.8,92.0,100.0
2025-11-30 00:00:00,54,0.0,22.6,94.0,100.0
2025-11-30 01:00:00,49,0.0,22.5,95.0,100.0
2025-11-30 02:00:00,44,0.0,22.4,95.0,93.0
2025-11-30 03:00:00,40,0.0,22.0,96.0,94.0
2025-11-30 04:00:00,36,0.0,21.9,96.0,95.0
2025-11-30 05:00:00,33,0.0,21.9,94.0,97.0
2025-11-30 06:00:00,31,0.0,22.1,91.0,98.0
2025-11-30 07:00:00,30,0.0,22.8,87.0,100.0
2025-11-30 08:00:00,31,0.0,24.1,80.0,85.0
2025-11-30 09:00:00,33,0.0,25.9,71.0,70.0
2025-11-30 10:00:00,36,0.0,27.2,65.0,55.0
2025-11-30 11:00:00,40,0.0,27.8,63.0,70.0
2025-11-30 12:00:00,45,0.0,28.0,62.0,85.0
2025-11-30 13:00:00,50,0.0,27.8,64.0,100.0
2025-11-30 14:00:00,54,1.5,27.4,68.0,100.0
2025-11-30 15:00:00,59,1.5,26.6,73.0,100.0
2025-11-30 16:00:00,62,1.5,25.9,78.0,100.0
2025-11-30 17:00:00,66,0.8,25.1,82.0,100.0
2025-11-30 18:00:00,67,0.8,24.3,85.0,100.0
2025-11-30 19:00:00,68,0.8,23.7,87.0,100.0
2025-11-30 20:00:00,67,0.0,23.5,88.0,100.0
2025-11-30 21:00:00,64,0.0,23.6,88.0,100.0
2025-11-30 22:00:00,61,0.0,23.6,89.0,100.0
2025-11-30 23:00:00,56,0.0,23.4,90.0,100.0
2025-12-01 00:00:00,51,0.0,23.2,92.0,100.0
2025-12-01 01:00:00,45,0.0,23.0,93.0,100.0
2025-12-01 02:00:00,40,0.0,22.6,95.0,100.0
2025-12-01 03:00:00,35,0.0,22.2,97.0,100.0
2025-12-01 04:00:00,31,0.0,21.9,97.0,100.0
2025-12-01 05:00:00,27,0.0,21.9,96.0,100.0
2025-12-01 06:00:00,25,0.0,22.1,93.0,100.0
2025-12-01 07:00:00,25,0.0,22.7,88.0,100.0
2025-12-01 08:00:00,26,0.0,24.1,80.0,100.0
2025-12-01 09:00:00,30,0.0,25.9,70.0,100.0
2025-12-01 10:00:00,34,0.0,27.3,63.0,100.0
2025-12-01 11:00:00,40,0.0,28.0,59.0,99.0
2025-12-01 12:00:00,46,0.0,28.2,58.0,97.0
2025-12-01 13:00:00,53,0.0,28.3,58.0,96.0
2025-12-01 14:00:00,59,0.3,28.2,61.0,97.0
2025-12-01 15:00:00,65,0.3,27.8,66.0,99.0
2025-12-01 16:00:00,71,0.3,27.3,71.0,100.0
2025-12-01 17:00:00,75,1.6,26.6,75.0,100.0
2025-12-01 18:00:00,79,1.6,25.6,79.0,100.0
2025-12-01 19:00:00,80,1.6,24.8,83.0,100.0
2025-12-01 20:00:00,80,1.0,24.2,86.0,100.0
2025-12-01 21:00:00,78,1.0,23.7,88.0,100.0
2025-12-01 22:00:00,75,1.0,23.3,90.0,100.0
2025-12-01 23:00:00,71,0.0,23.1,92.0,100.0
2025-12-02 00:00:00,66,0.0,22.9,93.0,100.0
2025-12-02 01:00:00,61,0.0,22.7,94.0,100.0
2025-12-02 02:00:00,56,0.0,22.5,95.0,100.0
2025-12-02 03:00:00,50,0.0,22.3,97.0,100.0
2025-12-02 04:00:00,45,0.0,22.2,97.0,100.0
2025-12-02 05:00:00,41,0.0,22.3,95.0,100.0
2025-12-02 06:00:00,37,0.0,22.5,92.0,100.0
2025-12-02 07:00:00,35,0.0,22.7,90.0,100.0
2025-12-02 08:00:00,29,0.1,22.2,86.0,100.0
2025-12-02 09:00:00,29,0.1,23.5,82.0,100.0
2025-12-02 10:00:00,32,0.1,24.5,78.0,100.0
2025-12-02 11:00:00,39,0.2,25.3,74.0,100.0
2025-12-02 12:00:00,48,0.2,25.9,71.0,100.0
2025-12-02 13:00:00,58,0.2,26.0,71.0,100.0
2025-12-02 14:00:00,68,0.7,25.1,76.0,100.0
2025-12-02 15:00:00,79,0.7,23.7,84.0,100.0
2025-12-02 16:00:00,87,0.7,22.5,91.0,100.0
2025-12-02 17:00:00,92,0.4,21.8,94.0,100.0
2025-12-02 18:00:00,94,0.4,21.2,95.0,100.0
2025-12-02 19:00:00,94,0.4,20.8,96.0,100.0
2025-12-02 20:00:00,92,0.3,20.6,97.0,100.0
2025-12-02 21:00:00,87,0.3,20.4,97.0,100.0
2025-12-02 22:00:00,81,0.3,20.3,97.0,100.0
2025-12-02 23:00:00,72,0.0,20.2,97.0,100.0
2025-12-03 00:00:00,62,0.0,20.2,96.0,100.0
2025-12-03 01:00:00,52,0.0,20.1,95.0,100.0
2025-12-03 02:00:00,43,0.0,19.9,94.0,100.0
2025-12-03 03:00:00,34,0.0,19.7,93.0,100.0
2025-12-03 04:00:00,26,0.0,19.8,92.0,100.0
2025-12-03 05:00:00,19,0.0,20.1,91.0,100.0
2025-12-03 06:00:00,14,0.0,20.6,89.0,100.0
2025-12-03 07:00:00,13,0.0,21.4,87.0,100.0
2025-12-03 08:00:00,19,0.1,22.6,82.0,100.0
2025-12-03 09:00:00,30,0.1,24.0,77.0,100.0
2025-12-03 10:00:00,42,0.1,25.1,73.0,100.0
2025-12-03 11:00:00,56,0.4,25.6,72.0,100.0
2025-12-03 12:00:00,72,0.4,25.8,72.0,100.0
2025-12-03 13:00:00,84,0.4,25.5,75.0,100.0
2025-12-03 14:00:00,90,0.5,24.4,81.0,100.0
2025-12-03 15:00:00,92,0.5,22.9,88.0,100.0
2025-12-03 16:00:00,94,0.5,21.7,94.0,100.0
2025-12-03 17:00:00,97,0.6,21.2,95.0,100.0
2025-12-03 18:00:00,100,0.6,21.0,95.0,100.0
2025-12-03 19:00:00,100,0.6,20.9,94.0,100.0
2025-12-03 20:00:00,96,0.5,20.8,94.0,100.0
2025-12-03 21:00:00,89,0.5,20.7,94.0,100.0
2025-12-03 22:00:00,81,0.5,20.6,94.0,100.0
2025-12-03 23:00:00,73,0.1,20.3,94.0,100.0
2025-12-04 00:00:00,66,0.1,20.1,94.0,100.0
2025-12-04 01:00:00,58,0.1,19.9,94.0,100.0
2025-12-04 02:00:00,52,0.1,19.8,94.0,100.0
2025-12-04 03:00:00,45,0.1,19.7,94.0,100.0
2025-12-04 04:00:00,39,0.1,19.9,94.0,100.0
2025-12-04 05:00:00,30,0.0,20.2,93.0,97.0
2025-12-04 06:00:00,20,0.0,20.8,92.0,95.0
2025-12-04 07:00:00,16,0.0,21.5,90.0,92.0
2025-12-04 08:00:00,22,0.3,22.8,85.0,72.0
2025-12-04 09:00:00,34,0.3,24.3,80.0,51.0
2025-12-04 10:00:00,45,0.3,25.4,76.0,31.0
2025-12-04 11:00:00,53,0.3,25.6,76.0,48.0
2025-12-04 12:00:00,60,0.3,25.4,77.0,64.0
2025-12-04 13:00:00,68,0.3,24.9,79.0,81.0
2025-12-04 14:00:00,77,0.6,24.4,81.0,81.0
2025-12-04 15:00:00,87,0.6,23.6,85.0,82.0
2025-12-04 16:00:00,94,0.6,22.9,87.0,82.0
2025-12-04 17:00:00,99,0.2,22.1,88.0,88.0
2025-12-04 18:00:00,100,0.2,21.4,89.0,94.0
2025-12-04 19:00:00,100,0.2,20.8,90.0,100.0
2025-12-04 20:00:00,95,0.0,20.5,91.0,99.0
2025-12-04 21:00:00,87,0.0,20.3,91.0,98.0
2025-12-04 22:00:00,77,0.0,20.2,92.0,97.0
2025-12-04 23:00:00,63,0.0,20.0,93.0,98.0
2025-12-05 00:00:00,47,0.0,19.9,93.0,99.0
2025-12-05 01:00:00,39,0.0,19.8,94.0,100.0
2025-12-05 02:00:00,36,0.1,19.6,95.0,100.0
2025-12-05 03:00:00,38,0.1,19.5,95.0,100.0
2025-12-05 04:00:00,29,0.1,19.7,95.0,100.0
2025-12-05 05:00:00,23,0.0,20.1,94.0,100.0
2025-12-05 06:00:00,18,0.0,20.8,92.0,100.0
2025-12-05 07:00:00,16,0.0,21.6,89.0,100.0
2025-12-05 08:00:00,19,0.0,22.8,84.0,100.0
2025-12-05 09:00:00,24,0.0,24.2,78.0,100.0
2025-12-05 10:00:00,31,0.0,25.4,73.0,100.0
2025-12-05 11:00:00,38,0.0,26.1,69.0,100.0
2025-12-05 12:00:00,47,0.0,26.6,65.0,100.0
2025-12-05 13:00:00,55,0.0,26.7,64.0,100.0
2025-12-05 14:00:00,63,0.1,26.4,67.0,100.0
2025-12-05 15:00:00,70,0.1,25.7,72.0,100.0
2025-12-05 16:00:00,76,0.1,24.8,78.0,100.0
2025-12-05 17:00:00,82,0.2,23.6,83.0,100.0
2025-12-05 18:00:00,86,0.2,22.3,89.0,100.0
2025-12-05 19:00:00,87,0.2,21.3,93.0,100.0
2025-12-05 20:00:00,83,0.2,20.9,96.0,100.0
2025-12-05 21:00:00,76,0.2,20.7,97.0,100.0
2025-12-05 22:00:00,68,0.2,20.6,98.0,100.0
2025-12-05 23:00:00,60,0.1,20.4,98.0,100.0
2025-12-06 00:00:00,50,0.1,20.3,98.0,100.0
2025-12-06 01:00:00,42,0.1,20.2,98.0,100.0
2025-12-06 02:00:00,35,0.0,20.1,98.0,100.0
2025-12-06 03:00:00,29,0.0,20.0,97.0,100.0
2025-12-06 04:00:00,24,0.0,20.1,96.0,100.0
2025-12-06 05:00:00,20,0.1,20.5,94.0,82.0
2025-12-06 06:00:00,16,0.1,21.1,92.0,65.0
2025-12-06 07:00:00,16,0.1,21.9,89.0,47.0
2025-12-06 08:00:00,20,0.1,23.3,83.0,37.0
2025-12-06 09:00:00,27,0.1,24.9,77.0,26.0
2025-12-06 10:00:00,34,0.1,26.1,72.0,16.0
2025-12-06 11:00:00,42,0.4,26.5,71.0,24.0
2025-12-06 12:00:00,51,0.4,26.4,72.0,32.0
2025-12-06 13:00:00,58,0.4,26.0,74.0,40.0
2025-12-06 14:00:00,64,0.9,25.4,77.0,55.0
2025-12-06 15:00:00,68,0.9,24.6,81.0,71.0
2025-12-06 16:00:00,72,0.9,23.7,85.0,86.0
2025-12-06 17:00:00,75,1.4,22.8,89.0,91.0
2025-12-06 18:00:00,77,1.4,21.9,93.0,95.0
2025-12-06 19:00:00,77,1.4,21.1,96.0,100.0
2025-12-06 20:00:00,76,9.3,20.7,98.0,100.0
2025-12-06 21:00:00,73,9.3,20.5,99.0,100.0
2025-12-06 22:00:00,69,9.3,20.3,99.0,100.0
2025-12-06 23:00:00,65,1.2,20.0,98.0,100.0
2025-12-07 00:00:00,60,1.2,19.8,96.0,100.0
2025-12-07 01:00:00,55,1.2,19.6,95.0,100.0
2025-12-07 02:00:00,50,0.1,19.4,94.0,100.0
2025-12-07 03:00:00,44,0.1,19.2,94.0,100.0
2025-12-07 04:00:00,39,0.1,19.2,93.0,100.0
2025-12-07 05:00:00,35,0.0,19.4,93.0,100.0
2025-12-07 06:00:00,31,0.0,19.7,92.0,100.0
2025-12-07 07:00:00,29,0.0,20.4,90.0,100.0
2025-12-07 08:00:00,29,0.0,21.8,84.0,100.0
2025-12-07 09:00:00,31,0.0,23.5,77.0,100.0
2025-12-07 10:00:00,34,0.0,24.9,71.0,100.0
2025-12-07 11:00:00,38,0.1,25.7,68.0,95.0
2025-12-07 12:00:00,42,0.1,26.2,68.0,90.0
2025-12-07 13:00:00,48,0.1,26.2,69.0,85.0
2025-12-07 14:00:00,55,0.5,25.6,73.0,89.0
2025-12-07 15:00:00,64,0.5,24.6,80.0,94.0
2025-12-07 16:00:00,71,0.5,23.6,85.0,98.0
2025-12-07 17:00:00,78,0.7,22.7,89.0,99.0
2025-12-07 18:00:00,84,0.7,21.8,92.0,99.0
2025-12-07 19:00:00,87,0.7,21.2,94.0,100.0
2025-12-07 20:00:00,86,0.8,20.8,96.0,100.0
2025-12-07 21:00:00,82,0.8,20.7,96.0,100.0
2025-12-07 22:00:00,77,0.8,20.6,97.0,100.0
2025-12-07 23:00:00,72,0.9,20.5,98.0,100.0
2025-12-08 00:00:00,65,0.9,20.4,98.0,100.0
2025-12-08 01:00:00,58,0.9,20.3,98.0,100.0
2025-12-08 02:00:00,50,0.1,20.1,98.0,100.0
2025-12-08 03:00:00,42,0.1,19.9,97.0,100.0
2025-12-08 04:00:00,34,0.1,20.0,96.0,100.0
2025-12-08 05:00:00,27,0.0,20.3,95.0,100.0
2025-12-08 06:00:00,21,0.0,20.8,93.0,100.0
2025-12-08 07:00:00,19,0.0,21.6,90.0,100.0
2025-12-08 08:00:00,21,0.1,22.9,85.0,100.0
2025-12-08 09:00:00,27,0.1,24.4,80.0,100.0
2025-12-08 10:00:00,34,0.1,25.4,77.0,100.0
2025-12-08 11:00:00,42,0.8,25.3,78.0,100.0
2025-12-08 12:00:00,50,0.8,24.7,81.0,100.0
2025-12-08 13:00:00,58,0.8,24.0,85.0,100.0
2025-12-08 14:00:00,65,0.8,23.2,88.0,100.0
2025-12-08 15:00:00,72,0.8,22.3,92.0,100.0
2025-12-08 16:00:00,77,0.8,21.6,94.0,100.0
2025-12-08 17:00:00,82,0.5,21.3,94.0,98.0
2025-12-08 18:00:00,86,0.5,21.2,93.0,96.0
2025-12-08 19:00:00,87,0.5,21.0,93.0,94.0
2025-12-08 20:00:00,85,2.6,20.7,95.0,96.0
2025-12-08 21:00:00,81,2.6,20.4,97.0,98.0
2025-12-08 22:00:00,76,2.6,20.2,99.0,100.0
2025-12-08 23:00:00,71,8.5,20.2,99.0,100.0
2025-12-09 00:00:00,64,8.5,20.2,99.0,100.0
2025-12-09 01:00:00,58,8.5,20.2,99.0,100.0
2025-12-09 02:00:00,51,0.4,20.0,99.0,100.0
2025-12-09 03:00:00,44,0.4,19.7,99.0,100.0
2025-12-09 04:00:00,38,0.4,19.7,98.0,100.0
2025-12-09 05:00:00,33,0.0,19.9,97.0,100.0
2025-12-09 06:00:00,28,0.0,20.2,95.0,100.0
2025-12-09 07:00:00,26,0.0,20.9,92.0,100.0
2025-12-09 08:00:00,28,0.0,22.2,87.0,100.0
2025-12-09 09:00:00,32,0.0,23.7,81.0,100.0
2025-12-09 10:00:00,37,0.0,24.8,77.0,100.0
2025-12-09 11:00:00,42,0.5,24.9,78.0,100.0
2025-12-09 12:00:00,49,0.5,24.5,82.0,100.0
2025-12-09 13:00:00,55,0.5,24.0,86.0,100.0
2025-12-09 14:00:00,61,0.7,23.5,88.0,100.0
2025-12-09 15:00:00,68,0.7,23.0,90.0,100.0
2025-12-09 16:00:00,74,0.7,22.5,91.0,100.0
2025-12-09 17:00:00,80,1.1,22.1,91.0,100.0
2025-12-09 18:00:00,85,1.1,21.7,92.0,100.0
2025-12-09 19:00:00,87,1.1,21.3,92.0,100.0
2025-12-09 20:00:00,86,0.9,21.0,93.0,100.0
2025-12-09 21:00:00,82,0.9,20.7,95.0,100.0
2025-12-09 22:00:00,78,0.9,20.5,97.0,100.0
2025-12-09 23:00:00,73,5.7,20.4,98.0,100.0
2025-12-10 00:00:00,67,5.7,20.2,99.0,100.0
2025-12-10 01:00:00,61,5.7,20.2,99.0,100.0
2025-12-10 02:00:00,53,2.4,20.2,98.0,100.0
2025-12-10 03:00:00,45,2.4,20.3,96.0,100.0
2025-12-10 04:00:00,38,2.4,20.4,95.0,100.0
2025-12-10 05:00:00,31,0.4,20.4,95.0,100.0
2025-12-10 06:00:00,26,0.4,20.3,96.0,100.0
2025-12-10 07:00:00,23,0.4,20.4,96.0,100.0
2025-12-10 08:00:00,25,0.5,20.9,94.0,100.0
2025-12-10 09:00:00,31,0.5,21.6,90.0,100.0
2025-12-10 10:00:00,37,0.5,22.4,87.0,100.0
2025-12-10 11:00:00,44,0.4,23.4,84.0,100.0
2025-12-10 12:00:00,53,0.4,24.5,81.0,100.0
2025-12-10 13:00:00,61,0.4,25.0,80.0,100.0
2025-12-10 14:00:00,68,0.7,24.6,82.0,100.0
2025-12-10 15:00:00,75,0.7,23.7,87.0,100.0
2025-12-10 16:00:00,81,0.7,22.8,90.0,100.0
2025-12-10 17:00:00,88,0.6,22.2,91.0,100.0
2025-12-10 18:00:00,94,0.6,21.6,92.0,100.0
2025-12-10 19:00:00,97,0.6,21.2,92.0,100.0
2025-12-10 20:00:00,94,0.5,21.0,92.0,100.0
2025-12-10 21:00:00,87,0.5,21.0,93.0,100.0
2025-12-10 22:00:00,80,0.5,20.9,93.0,100.0
2025-12-10 23:00:00,73,0.2,20.7,93.0,100.0
